Station_name,Date,Temp_max,Temp_avg,Temp_min,RH_max,RH_min
"Aguila VFD, # 50283, Elev. 2,170 ft.",2022-01-31,68,52,37,39,8
"Aguila VFD, # 50283, Elev. 2,170 ft.",2022-01-30,71,56,41,36,15
"Aguila VFD, # 50283, Elev. 2,170 ft.",2022-01-29,68,51,33,40,13
"Aguila VFD, # 50283, Elev. 2,170 ft.",2022-01-28,68,50,29,36,7
"Aguila VFD, # 50283, Elev. 2,170 ft.",2022-01-27,68,50,32,51,9
"Aguila VFD, # 50283, Elev. 2,170 ft.",2022-01-26,65,52,40,42,10
"Aguila VFD, # 50283, Elev. 2,170 ft.",2022-01-25,67,51,37,64,16
"Aguila VFD, # 50283, Elev. 2,170 ft.",2022-01-24,69,52,38,55,16
"Aguila VFD, # 50283, Elev. 2,170 ft.",2022-01-23,68,54,39,95,24
"Aguila VFD, # 50283, Elev. 2,170 ft.",2022-01-22,62,53,47,83,34
"Aguila VFD, # 50283, Elev. 2,170 ft.",2022-01-21,66,51,35,61,18
"Aguila VFD, # 50283, Elev. 2,170 ft.",2022-01-20,68,54,41,61,18
"Aguila VFD, # 50283, Elev. 2,170 ft.",2022-01-19,67,54,40,95,21
"Aguila VFD, # 50283, Elev. 2,170 ft.",2022-01-18,65,55,46,79,37
"Aguila VFD, # 50283, Elev. 2,170 ft.",2022-01-17,70,53,40,53,12
"Aguila VFD, # 50283, Elev. 2,170 ft.",2022-01-16,70,51,37,53,11
"Aguila VFD, # 50283, Elev. 2,170 ft.",2022-01-15,67,53,41,45,13
"Aguila VFD, # 50283, Elev. 2,170 ft.",2022-01-14,75,59,48,45,12
"Aguila VFD, # 50283, Elev. 2,170 ft.",2022-01-13,72,53,34,62,11
"Aguila VFD, # 50283, Elev. 2,170 ft.",2022-01-12,70,51,37,52,10
"Aguila VFD, # 50283, Elev. 2,170 ft.",2022-01-11,70,53,38,53,13
"Aguila VFD, # 50283, Elev. 2,170 ft.",2022-01-10,71,52,35,66,13
"Aguila VFD, # 50283, Elev. 2,170 ft.",2022-01-09,70,52,38,81,17
"Aguila VFD, # 50283, Elev. 2,170 ft.",2022-01-08,68,53,43,74,25
"Aguila VFD, # 50283, Elev. 2,170 ft.",2022-01-07,69,53,38,83,29
"Aguila VFD, # 50283, Elev. 2,170 ft.",2022-01-06,71,52,38,71,23
"Aguila VFD, # 50283, Elev. 2,170 ft.",2022-01-05,69,49,35,71,15
"Aguila VFD, # 50283, Elev. 2,170 ft.",2022-01-04,64,46,33,78,17
"Aguila VFD, # 50283, Elev. 2,170 ft.",2022-01-03,64,44,28,83,13
"Aguila VFD, # 50283, Elev. 2,170 ft.",2022-01-02,57,39,26,79,13
"Aguila VFD, # 50283, Elev. 2,170 ft.",2022-01-01,52,45,36,74,25
"Bartlett Lake, # 50827, Elev. 1,780 ft.",2022-01-31,69,54,41,71,21
"Bartlett Lake, # 50827, Elev. 1,780 ft.",2022-01-30,72,62,49,48,19
"Bartlett Lake, # 50827, Elev. 1,780 ft.",2022-01-29,71,63,56,28,12
"Bartlett Lake, # 50827, Elev. 1,780 ft.",2022-01-28,72,58,42,35,9
"Bartlett Lake, # 50827, Elev. 1,780 ft.",2022-01-27,70,55,43,55,10
"Bartlett Lake, # 50827, Elev. 1,780 ft.",2022-01-26,69,55,41,58,12
"Bartlett Lake, # 50827, Elev. 1,780 ft.",2022-01-25,67,52,38,90,21
"Bartlett Lake, # 50827, Elev. 1,780 ft.",2022-01-24,68,53,40,82,24
"Bartlett Lake, # 50827, Elev. 1,780 ft.",2022-01-23,72,59,50,92,21
"Bartlett Lake, # 50827, Elev. 1,780 ft.",2022-01-22,67,59,51,91,25
"Bartlett Lake, # 50827, Elev. 1,780 ft.",2022-01-21,72,55,40,61,18
"Bartlett Lake, # 50827, Elev. 1,780 ft.",2022-01-20,73,57,46,78,16
"Bartlett Lake, # 50827, Elev. 1,780 ft.",2022-01-19,68,56,49,82,37
"Bartlett Lake, # 50827, Elev. 1,780 ft.",2022-01-18,64,54,46,86,31
"Bartlett Lake, # 50827, Elev. 1,780 ft.",2022-01-17,71,54,43,66,15
"Bartlett Lake, # 50827, Elev. 1,780 ft.",2022-01-16,73,58,49,56,13
"Bartlett Lake, # 50827, Elev. 1,780 ft.",2022-01-15,68,59,46,60,17
"Bartlett Lake, # 50827, Elev. 1,780 ft.",2022-01-14,72,58,48,70,19
"Bartlett Lake, # 50827, Elev. 1,780 ft.",2022-01-13,74,56,44,66,15
"Bartlett Lake, # 50827, Elev. 1,780 ft.",2022-01-12,70,55,45,61,14
"Bartlett Lake, # 50827, Elev. 1,780 ft.",2022-01-11,74,57,46,68,13
"Bartlett Lake, # 50827, Elev. 1,780 ft.",2022-01-10,72,61,50,54,17
"Bartlett Lake, # 50827, Elev. 1,780 ft.",2022-01-09,74,58,46,83,15
"Bartlett Lake, # 50827, Elev. 1,780 ft.",2022-01-08,69,53,43,89,30
"Bartlett Lake, # 50827, Elev. 1,780 ft.",2022-01-07,72,55,43,87,27
"Bartlett Lake, # 50827, Elev. 1,780 ft.",2022-01-06,69,52,40,90,27
"Bartlett Lake, # 50827, Elev. 1,780 ft.",2022-01-05,68,52,41,77,23
"Bartlett Lake, # 50827, Elev. 1,780 ft.",2022-01-04,68,50,37,86,16
"Bartlett Lake, # 50827, Elev. 1,780 ft.",2022-01-03,67,52,42,73,15
"Bartlett Lake, # 50827, Elev. 1,780 ft.",2022-01-02,61,47,37,56,16
"Bartlett Lake, # 50827, Elev. 1,780 ft.",2022-01-01,54,51,42,67,20
"Belmont Mountains, # 50463, Elev. 1,860 ft.",2022-01-31,69,59,49,32,15
"Belmont Mountains, # 50463, Elev. 1,860 ft.",2022-01-30,72,62,52,34,15
"Belmont Mountains, # 50463, Elev. 1,860 ft.",2022-01-29,69,59,47,37,15
"Belmont Mountains, # 50463, Elev. 1,860 ft.",2022-01-28,69,58,47,24,12
"Belmont Mountains, # 50463, Elev. 1,860 ft.",2022-01-27,71,58,45,38,12
"Belmont Mountains, # 50463, Elev. 1,860 ft.",2022-01-26,66,57,49,39,18
"Belmont Mountains, # 50463, Elev. 1,860 ft.",2022-01-25,68,56,44,63,17
"Belmont Mountains, # 50463, Elev. 1,860 ft.",2022-01-24,68,59,46,52,27
"Belmont Mountains, # 50463, Elev. 1,860 ft.",2022-01-23,71,59,47,90,27
"Belmont Mountains, # 50463, Elev. 1,860 ft.",2022-01-22,66,56,50,92,30
"Belmont Mountains, # 50463, Elev. 1,860 ft.",2022-01-21,69,58,49,41,22
"Belmont Mountains, # 50463, Elev. 1,860 ft.",2022-01-20,72,61,54,49,20
"Belmont Mountains, # 50463, Elev. 1,860 ft.",2022-01-19,71,60,49,70,23
"Belmont Mountains, # 50463, Elev. 1,860 ft.",2022-01-18,66,58,52,59,30
"Belmont Mountains, # 50463, Elev. 1,860 ft.",2022-01-17,71,59,48,38,18
"Belmont Mountains, # 50463, Elev. 1,860 ft.",2022-01-16,71,61,53,32,11
"Belmont Mountains, # 50463, Elev. 1,860 ft.",2022-01-15,69,61,53,36,17
"Belmont Mountains, # 50463, Elev. 1,860 ft.",2022-01-14,73,62,55,43,18
"Belmont Mountains, # 50463, Elev. 1,860 ft.",2022-01-13,74,62,52,33,16
"Belmont Mountains, # 50463, Elev. 1,860 ft.",2022-01-12,72,60,47,39,17
"Belmont Mountains, # 50463, Elev. 1,860 ft.",2022-01-11,73,61,53,38,19
"Belmont Mountains, # 50463, Elev. 1,860 ft.",2022-01-10,72,62,54,32,19
"Belmont Mountains, # 50463, Elev. 1,860 ft.",2022-01-09,72,60,50,72,17
"Belmont Mountains, # 50463, Elev. 1,860 ft.",2022-01-08,67,57,47,72,34
"Belmont Mountains, # 50463, Elev. 1,860 ft.",2022-01-07,69,58,48,66,32
"Belmont Mountains, # 50463, Elev. 1,860 ft.",2022-01-06,67,57,47,60,34
"Belmont Mountains, # 50463, Elev. 1,860 ft.",2022-01-05,68,57,47,54,23
"Belmont Mountains, # 50463, Elev. 1,860 ft.",2022-01-04,67,53,42,55,22
"Belmont Mountains, # 50463, Elev. 1,860 ft.",2022-01-03,64,57,45,51,17
"Belmont Mountains, # 50463, Elev. 1,860 ft.",2022-01-02,,,,,
"Belmont Mountains, # 50463, Elev. 1,860 ft.",2022-01-01,,,,,
"Buckeye FRS #1, # 50440, Elev. 1,090 ft.",2022-01-31,70,56,41,52,20
"Buckeye FRS #1, # 50440, Elev. 1,090 ft.",2022-01-30,74,61,47,49,20
"Buckeye FRS #1, # 50440, Elev. 1,090 ft.",2022-01-29,72,59,42,42,18
"Buckeye FRS #1, # 50440, Elev. 1,090 ft.",2022-01-28,71,61,51,36,14
"Buckeye FRS #1, # 50440, Elev. 1,090 ft.",2022-01-27,70,54,37,63,15
"Buckeye FRS #1, # 50440, Elev. 1,090 ft.",2022-01-26,69,56,45,54,21
"Buckeye FRS #1, # 50440, Elev. 1,090 ft.",2022-01-25,70,55,40,83,26
"Buckeye FRS #1, # 50440, Elev. 1,090 ft.",2022-01-24,69,54,40,82,32
"Buckeye FRS #1, # 50440, Elev. 1,090 ft.",2022-01-23,72,59,48,91,32
"Buckeye FRS #1, # 50440, Elev. 1,090 ft.",2022-01-22,70,58,51,92,31
"Buckeye FRS #1, # 50440, Elev. 1,090 ft.",2022-01-21,71,56,41,64,24
"Buckeye FRS #1, # 50440, Elev. 1,090 ft.",2022-01-20,73,59,45,72,24
"Buckeye FRS #1, # 50440, Elev. 1,090 ft.",2022-01-19,71,58,46,91,39
"Buckeye FRS #1, # 50440, Elev. 1,090 ft.",2022-01-18,71,59,49,65,33
"Buckeye FRS #1, # 50440, Elev. 1,090 ft.",2022-01-17,72,57,44,58,22
"Buckeye FRS #1, # 50440, Elev. 1,090 ft.",2022-01-16,73,58,45,48,18
"Buckeye FRS #1, # 50440, Elev. 1,090 ft.",2022-01-15,71,62,52,44,20
"Buckeye FRS #1, # 50440, Elev. 1,090 ft.",2022-01-14,74,60,51,60,25
"Buckeye FRS #1, # 50440, Elev. 1,090 ft.",2022-01-13,74,56,40,66,20
"Buckeye FRS #1, # 50440, Elev. 1,090 ft.",2022-01-12,72,55,42,58,20
"Buckeye FRS #1, # 50440, Elev. 1,090 ft.",2022-01-11,74,59,49,62,24
"Buckeye FRS #1, # 50440, Elev. 1,090 ft.",2022-01-10,75,63,49,49,23
"Buckeye FRS #1, # 50440, Elev. 1,090 ft.",2022-01-09,75,58,44,90,25
"Buckeye FRS #1, # 50440, Elev. 1,090 ft.",2022-01-08,68,55,46,85,45
"Buckeye FRS #1, # 50440, Elev. 1,090 ft.",2022-01-07,70,55,42,91,35
"Buckeye FRS #1, # 50440, Elev. 1,090 ft.",2022-01-06,66,52,39,88,37
"Buckeye FRS #1, # 50440, Elev. 1,090 ft.",2022-01-05,67,51,38,81,33
"Buckeye FRS #1, # 50440, Elev. 1,090 ft.",2022-01-04,66,50,36,86,33
"Buckeye FRS #1, # 50440, Elev. 1,090 ft.",2022-01-03,64,49,41,77,27
"Buckeye FRS #1, # 50440, Elev. 1,090 ft.",2022-01-02,60,46,35,69,19
"Buckeye FRS #1, # 50440, Elev. 1,090 ft.",2022-01-01,56,50,40,98,26
"Camelback Rd. @ Loop 303, # 50875, Elev. 1,080 ft.",2022-01-31,70,56,40,63,15
"Camelback Rd. @ Loop 303, # 50875, Elev. 1,080 ft.",2022-01-30,73,62,48,54,18
"Camelback Rd. @ Loop 303, # 50875, Elev. 1,080 ft.",2022-01-29,74,61,45,36,13
"Camelback Rd. @ Loop 303, # 50875, Elev. 1,080 ft.",2022-01-28,72,61,48,30,11
"Camelback Rd. @ Loop 303, # 50875, Elev. 1,080 ft.",2022-01-27,70,54,37,74,12
"Camelback Rd. @ Loop 303, # 50875, Elev. 1,080 ft.",2022-01-26,70,56,41,70,15
"Camelback Rd. @ Loop 303, # 50875, Elev. 1,080 ft.",2022-01-25,70,56,42,83,21
"Camelback Rd. @ Loop 303, # 50875, Elev. 1,080 ft.",2022-01-24,69,55,41,83,30
"Camelback Rd. @ Loop 303, # 50875, Elev. 1,080 ft.",2022-01-23,72,60,49,84,26
"Camelback Rd. @ Loop 303, # 50875, Elev. 1,080 ft.",2022-01-22,71,60,51,79,22
"Camelback Rd. @ Loop 303, # 50875, Elev. 1,080 ft.",2022-01-21,71,56,43,72,19
"Camelback Rd. @ Loop 303, # 50875, Elev. 1,080 ft.",2022-01-20,75,59,43,85,17
"Camelback Rd. @ Loop 303, # 50875, Elev. 1,080 ft.",2022-01-19,71,58,45,89,39
"Camelback Rd. @ Loop 303, # 50875, Elev. 1,080 ft.",2022-01-18,71,59,50,69,27
"Camelback Rd. @ Loop 303, # 50875, Elev. 1,080 ft.",2022-01-17,74,57,45,68,16
"Camelback Rd. @ Loop 303, # 50875, Elev. 1,080 ft.",2022-01-16,74,58,47,60,15
"Camelback Rd. @ Loop 303, # 50875, Elev. 1,080 ft.",2022-01-15,72,61,50,53,16
"Camelback Rd. @ Loop 303, # 50875, Elev. 1,080 ft.",2022-01-14,72,59,50,75,25
"Camelback Rd. @ Loop 303, # 50875, Elev. 1,080 ft.",2022-01-13,73,56,42,77,19
"Camelback Rd. @ Loop 303, # 50875, Elev. 1,080 ft.",2022-01-12,72,55,42,63,16
"Camelback Rd. @ Loop 303, # 50875, Elev. 1,080 ft.",2022-01-11,74,59,48,66,19
"Camelback Rd. @ Loop 303, # 50875, Elev. 1,080 ft.",2022-01-10,75,63,51,45,18
"Camelback Rd. @ Loop 303, # 50875, Elev. 1,080 ft.",2022-01-09,75,57,43,89,22
"Camelback Rd. @ Loop 303, # 50875, Elev. 1,080 ft.",2022-01-08,68,55,45,85,38
"Camelback Rd. @ Loop 303, # 50875, Elev. 1,080 ft.",2022-01-07,72,55,41,91,29
"Camelback Rd. @ Loop 303, # 50875, Elev. 1,080 ft.",2022-01-06,67,52,41,88,34
"Camelback Rd. @ Loop 303, # 50875, Elev. 1,080 ft.",2022-01-05,66,51,38,90,31
"Camelback Rd. @ Loop 303, # 50875, Elev. 1,080 ft.",2022-01-04,66,50,39,89,26
"Camelback Rd. @ Loop 303, # 50875, Elev. 1,080 ft.",2022-01-03,67,50,36,86,19
"Camelback Rd. @ Loop 303, # 50875, Elev. 1,080 ft.",2022-01-02,61,47,35,80,14
"Camelback Rd. @ Loop 303, # 50875, Elev. 1,080 ft.",2022-01-01,57,52,42,92,20
"Carefree Ranch, # 50210, Elev. 2,960 ft.",2022-01-31,63,54,44,46,24
"Carefree Ranch, # 50210, Elev. 2,960 ft.",2022-01-30,66,59,53,45,23
"Carefree Ranch, # 50210, Elev. 2,960 ft.",2022-01-29,65,57,48,29,16
"Carefree Ranch, # 50210, Elev. 2,960 ft.",2022-01-28,66,54,44,23,11
"Carefree Ranch, # 50210, Elev. 2,960 ft.",2022-01-27,64,53,39,44,12
"Carefree Ranch, # 50210, Elev. 2,960 ft.",2022-01-26,63,53,44,42,12
"Carefree Ranch, # 50210, Elev. 2,960 ft.",2022-01-25,60,51,41,73,25
"Carefree Ranch, # 50210, Elev. 2,960 ft.",2022-01-24,62,53,41,67,30
"Carefree Ranch, # 50210, Elev. 2,960 ft.",2022-01-23,66,56,47,79,26
"Carefree Ranch, # 50210, Elev. 2,960 ft.",2022-01-22,62,54,46,94,31
"Carefree Ranch, # 50210, Elev. 2,960 ft.",2022-01-21,63,54,45,43,23
"Carefree Ranch, # 50210, Elev. 2,960 ft.",2022-01-20,67,56,48,69,18
"Carefree Ranch, # 50210, Elev. 2,960 ft.",2022-01-19,62,54,48,75,43
"Carefree Ranch, # 50210, Elev. 2,960 ft.",2022-01-18,61,54,46,77,30
"Carefree Ranch, # 50210, Elev. 2,960 ft.",2022-01-17,66,56,48,44,17
"Carefree Ranch, # 50210, Elev. 2,960 ft.",2022-01-16,70,59,49,36,12
"Carefree Ranch, # 50210, Elev. 2,960 ft.",2022-01-15,64,57,51,35,17
"Carefree Ranch, # 50210, Elev. 2,960 ft.",2022-01-14,67,59,50,46,20
"Carefree Ranch, # 50210, Elev. 2,960 ft.",2022-01-13,68,57,48,37,18
"Carefree Ranch, # 50210, Elev. 2,960 ft.",2022-01-12,66,55,44,43,12
"Carefree Ranch, # 50210, Elev. 2,960 ft.",2022-01-11,70,58,47,49,20
"Carefree Ranch, # 50210, Elev. 2,960 ft.",2022-01-10,66,59,50,36,21
"Carefree Ranch, # 50210, Elev. 2,960 ft.",2022-01-09,68,58,46,66,19
"Carefree Ranch, # 50210, Elev. 2,960 ft.",2022-01-08,62,54,47,71,37
"Carefree Ranch, # 50210, Elev. 2,960 ft.",2022-01-07,67,56,46,66,28
"Carefree Ranch, # 50210, Elev. 2,960 ft.",2022-01-06,66,53,43,66,32
"Carefree Ranch, # 50210, Elev. 2,960 ft.",2022-01-05,62,51,41,64,23
"Carefree Ranch, # 50210, Elev. 2,960 ft.",2022-01-04,63,51,41,61,21
"Carefree Ranch, # 50210, Elev. 2,960 ft.",2022-01-03,64,52,44,54,15
"Carefree Ranch, # 50210, Elev. 2,960 ft.",2022-01-02,57,45,32,49,16
"Carefree Ranch, # 50210, Elev. 2,960 ft.",2022-01-01,48,43,39,100,24
"City of Glendale, # 50065, Elev. 1,150 ft.",2022-01-31,69,58,45,55,15
"City of Glendale, # 50065, Elev. 1,150 ft.",2022-01-30,73,63,53,35,17
"City of Glendale, # 50065, Elev. 1,150 ft.",2022-01-29,72,61,48,32,12
"City of Glendale, # 50065, Elev. 1,150 ft.",2022-01-28,72,60,48,21,10
"City of Glendale, # 50065, Elev. 1,150 ft.",2022-01-27,69,55,40,61,10
"City of Glendale, # 50065, Elev. 1,150 ft.",2022-01-26,70,56,44,55,11
"City of Glendale, # 50065, Elev. 1,150 ft.",2022-01-25,68,56,44,72,19
"City of Glendale, # 50065, Elev. 1,150 ft.",2022-01-24,68,56,44,76,27
"City of Glendale, # 50065, Elev. 1,150 ft.",2022-01-23,72,60,50,79,23
"City of Glendale, # 50065, Elev. 1,150 ft.",2022-01-22,70,59,51,79,22
"City of Glendale, # 50065, Elev. 1,150 ft.",2022-01-21,72,58,44,54,18
"City of Glendale, # 50065, Elev. 1,150 ft.",2022-01-20,73,59,47,78,18
"City of Glendale, # 50065, Elev. 1,150 ft.",2022-01-19,70,59,50,75,34
"City of Glendale, # 50065, Elev. 1,150 ft.",2022-01-18,70,60,52,62,25
"City of Glendale, # 50065, Elev. 1,150 ft.",2022-01-17,72,58,46,59,16
"City of Glendale, # 50065, Elev. 1,150 ft.",2022-01-16,74,58,44,52,12
"City of Glendale, # 50065, Elev. 1,150 ft.",2022-01-15,70,60,52,40,14
"City of Glendale, # 50065, Elev. 1,150 ft.",2022-01-14,72,60,52,56,21
"City of Glendale, # 50065, Elev. 1,150 ft.",2022-01-13,73,57,43,63,17
"City of Glendale, # 50065, Elev. 1,150 ft.",2022-01-12,72,56,44,59,13
"City of Glendale, # 50065, Elev. 1,150 ft.",2022-01-11,74,60,50,54,18
"City of Glendale, # 50065, Elev. 1,150 ft.",2022-01-10,74,61,50,39,17
"City of Glendale, # 50065, Elev. 1,150 ft.",2022-01-09,75,58,43,85,17
"City of Glendale, # 50065, Elev. 1,150 ft.",2022-01-08,67,55,47,78,34
"City of Glendale, # 50065, Elev. 1,150 ft.",2022-01-07,72,56,43,84,25
"City of Glendale, # 50065, Elev. 1,150 ft.",2022-01-06,68,53,42,79,30
"City of Glendale, # 50065, Elev. 1,150 ft.",2022-01-05,67,52,39,79,26
"City of Glendale, # 50065, Elev. 1,150 ft.",2022-01-04,66,51,38,77,24
"City of Glendale, # 50065, Elev. 1,150 ft.",2022-01-03,67,50,36,76,17
"City of Glendale, # 50065, Elev. 1,150 ft.",2022-01-02,62,46,33,71,14
"City of Glendale, # 50065, Elev. 1,150 ft.",2022-01-01,57,51,42,91,17
"Crossroads Park, # 50330, Elev. 1,270 ft.",2022-01-31,70,56,42,79,18
"Crossroads Park, # 50330, Elev. 1,270 ft.",2022-01-30,74,64,52,60,19
"Crossroads Park, # 50330, Elev. 1,270 ft.",2022-01-29,74,61,45,54,15
"Crossroads Park, # 50330, Elev. 1,270 ft.",2022-01-28,71,61,53,32,13
"Crossroads Park, # 50330, Elev. 1,270 ft.",2022-01-27,69,53,38,83,13
"Crossroads Park, # 50330, Elev. 1,270 ft.",2022-01-26,69,55,40,87,15
"Crossroads Park, # 50330, Elev. 1,270 ft.",2022-01-25,70,62,49,59,21
"Crossroads Park, # 50330, Elev. 1,270 ft.",2022-01-24,,,,85,7
"Crossroads Park, # 50330, Elev. 1,270 ft.",2022-01-23,,,,78,6
"Crossroads Park, # 50330, Elev. 1,270 ft.",2022-01-22,,,,89,5
"Crossroads Park, # 50330, Elev. 1,270 ft.",2022-01-21,,,,71,5
"Crossroads Park, # 50330, Elev. 1,270 ft.",2022-01-20,72,62,46,95,5
"Crossroads Park, # 50330, Elev. 1,270 ft.",2022-01-19,72,60,51,77,35
"Crossroads Park, # 50330, Elev. 1,270 ft.",2022-01-18,72,61,52,76,27
"Crossroads Park, # 50330, Elev. 1,270 ft.",2022-01-17,75,59,46,79,18
"Crossroads Park, # 50330, Elev. 1,270 ft.",2022-01-16,76,58,42,86,14
"Crossroads Park, # 50330, Elev. 1,270 ft.",2022-01-15,73,62,49,79,16
"Crossroads Park, # 50330, Elev. 1,270 ft.",2022-01-14,72,59,49,78,25
"Crossroads Park, # 50330, Elev. 1,270 ft.",2022-01-13,74,57,41,87,19
"Crossroads Park, # 50330, Elev. 1,270 ft.",2022-01-12,73,57,43,85,16
"Crossroads Park, # 50330, Elev. 1,270 ft.",2022-01-11,74,61,50,73,23
"Crossroads Park, # 50330, Elev. 1,270 ft.",2022-01-10,76,64,50,66,20
"Crossroads Park, # 50330, Elev. 1,270 ft.",2022-01-09,77,59,43,95,20
"Crossroads Park, # 50330, Elev. 1,270 ft.",2022-01-08,70,57,47,87,33
"Crossroads Park, # 50330, Elev. 1,270 ft.",2022-01-07,74,57,42,97,30
"Crossroads Park, # 50330, Elev. 1,270 ft.",2022-01-06,69,60,47,90,32
"Crossroads Park, # 50330, Elev. 1,270 ft.",2022-01-05,,,,,
"Crossroads Park, # 50330, Elev. 1,270 ft.",2022-01-04,,,,,
"Crossroads Park, # 50330, Elev. 1,270 ft.",2022-01-03,,,,,
"Crossroads Park, # 50330, Elev. 1,270 ft.",2022-01-02,,,,,
"Crossroads Park, # 50330, Elev. 1,270 ft.",2022-01-01,,,,,
"Desert Mountain School, # 50187, Elev. 1,810 ft.",2022-01-31,67,54,41,61,18
"Desert Mountain School, # 50187, Elev. 1,810 ft.",2022-01-30,71,61,45,60,19
"Desert Mountain School, # 50187, Elev. 1,810 ft.",2022-01-29,71,58,42,43,11
"Desert Mountain School, # 50187, Elev. 1,810 ft.",2022-01-28,71,58,47,23,8
"Desert Mountain School, # 50187, Elev. 1,810 ft.",2022-01-27,68,53,35,63,8
"Desert Mountain School, # 50187, Elev. 1,810 ft.",2022-01-26,68,56,44,49,12
"Desert Mountain School, # 50187, Elev. 1,810 ft.",2022-01-25,66,52,38,84,22
"Desert Mountain School, # 50187, Elev. 1,810 ft.",2022-01-24,67,53,38,85,26
"Desert Mountain School, # 50187, Elev. 1,810 ft.",2022-01-23,70,58,47,86,23
"Desert Mountain School, # 50187, Elev. 1,810 ft.",2022-01-22,67,59,50,89,25
"Desert Mountain School, # 50187, Elev. 1,810 ft.",2022-01-21,68,54,39,68,20
"Desert Mountain School, # 50187, Elev. 1,810 ft.",2022-01-20,72,59,46,70,15
"Desert Mountain School, # 50187, Elev. 1,810 ft.",2022-01-19,68,57,47,87,36
"Desert Mountain School, # 50187, Elev. 1,810 ft.",2022-01-18,65,56,47,83,30
"Desert Mountain School, # 50187, Elev. 1,810 ft.",2022-01-17,70,55,43,67,16
"Desert Mountain School, # 50187, Elev. 1,810 ft.",2022-01-16,73,54,37,69,12
"Desert Mountain School, # 50187, Elev. 1,810 ft.",2022-01-15,69,59,44,61,13
"Desert Mountain School, # 50187, Elev. 1,810 ft.",2022-01-14,71,58,48,66,20
"Desert Mountain School, # 50187, Elev. 1,810 ft.",2022-01-13,71,54,40,76,16
"Desert Mountain School, # 50187, Elev. 1,810 ft.",2022-01-12,71,53,37,71,13
"Desert Mountain School, # 50187, Elev. 1,810 ft.",2022-01-11,73,59,45,67,17
"Desert Mountain School, # 50187, Elev. 1,810 ft.",2022-01-10,72,62,53,33,16
"Desert Mountain School, # 50187, Elev. 1,810 ft.",2022-01-09,73,59,41,86,14
"Desert Mountain School, # 50187, Elev. 1,810 ft.",2022-01-08,66,54,43,88,35
"Desert Mountain School, # 50187, Elev. 1,810 ft.",2022-01-07,70,54,39,92,26
"Desert Mountain School, # 50187, Elev. 1,810 ft.",2022-01-06,68,51,38,91,30
"Desert Mountain School, # 50187, Elev. 1,810 ft.",2022-01-05,66,49,35,91,25
"Desert Mountain School, # 50187, Elev. 1,810 ft.",2022-01-04,65,49,34,89,22
"Desert Mountain School, # 50187, Elev. 1,810 ft.",2022-01-03,66,47,32,90,17
"Desert Mountain School, # 50187, Elev. 1,810 ft.",2022-01-02,61,45,32,88,12
"Desert Mountain School, # 50187, Elev. 1,810 ft.",2022-01-01,53,49,40,93,18
"Durango Complex, # 50033, Elev. 1,050 ft.",2022-01-31,70,60,48,57,15
"Durango Complex, # 50033, Elev. 1,050 ft.",2022-01-30,74,64,55,40,17
"Durango Complex, # 50033, Elev. 1,050 ft.",2022-01-29,75,64,49,41,13
"Durango Complex, # 50033, Elev. 1,050 ft.",2022-01-28,73,62,54,26,11
"Durango Complex, # 50033, Elev. 1,050 ft.",2022-01-27,69,56,44,57,11
"Durango Complex, # 50033, Elev. 1,050 ft.",2022-01-26,69,57,44,62,17
"Durango Complex, # 50033, Elev. 1,050 ft.",2022-01-25,71,58,45,78,17
"Durango Complex, # 50033, Elev. 1,050 ft.",2022-01-24,69,57,47,76,27
"Durango Complex, # 50033, Elev. 1,050 ft.",2022-01-23,72,60,49,94,27
"Durango Complex, # 50033, Elev. 1,050 ft.",2022-01-22,71,59,48,80,23
"Durango Complex, # 50033, Elev. 1,050 ft.",2022-01-21,72,59,46,65,21
"Durango Complex, # 50033, Elev. 1,050 ft.",2022-01-20,73,59,48,82,21
"Durango Complex, # 50033, Elev. 1,050 ft.",2022-01-19,71,61,50,71,35
"Durango Complex, # 50033, Elev. 1,050 ft.",2022-01-18,71,61,55,58,24
"Durango Complex, # 50033, Elev. 1,050 ft.",2022-01-17,72,59,48,62,18
"Durango Complex, # 50033, Elev. 1,050 ft.",2022-01-16,75,59,45,59,13
"Durango Complex, # 50033, Elev. 1,050 ft.",2022-01-15,72,60,48,70,14
"Durango Complex, # 50033, Elev. 1,050 ft.",2022-01-14,72,60,52,65,20
"Durango Complex, # 50033, Elev. 1,050 ft.",2022-01-13,73,58,43,76,19
"Durango Complex, # 50033, Elev. 1,050 ft.",2022-01-12,71,57,46,68,14
"Durango Complex, # 50033, Elev. 1,050 ft.",2022-01-11,74,60,50,59,18
"Durango Complex, # 50033, Elev. 1,050 ft.",2022-01-10,75,62,48,67,18
"Durango Complex, # 50033, Elev. 1,050 ft.",2022-01-09,76,59,45,85,17
"Durango Complex, # 50033, Elev. 1,050 ft.",2022-01-08,68,57,47,83,36
"Durango Complex, # 50033, Elev. 1,050 ft.",2022-01-07,73,58,45,84,28
"Durango Complex, # 50033, Elev. 1,050 ft.",2022-01-06,67,54,45,80,34
"Durango Complex, # 50033, Elev. 1,050 ft.",2022-01-05,67,54,42,85,25
"Durango Complex, # 50033, Elev. 1,050 ft.",2022-01-04,66,52,41,81,26
"Durango Complex, # 50033, Elev. 1,050 ft.",2022-01-03,69,52,38,76,17
"Durango Complex, # 50033, Elev. 1,050 ft.",2022-01-02,62,48,36,80,14
"Durango Complex, # 50033, Elev. 1,050 ft.",2022-01-01,58,53,42,87,18
"EMF @ Arizona Ave., # 50352, Elev. 1,215 ft.",2022-01-31,70,55,40,60,14
"EMF @ Arizona Ave., # 50352, Elev. 1,215 ft.",2022-01-30,75,62,48,47,15
"EMF @ Arizona Ave., # 50352, Elev. 1,215 ft.",2022-01-29,74,63,48,32,12
"EMF @ Arizona Ave., # 50352, Elev. 1,215 ft.",2022-01-28,72,60,48,24,11
"EMF @ Arizona Ave., # 50352, Elev. 1,215 ft.",2022-01-27,69,50,34,68,16
"EMF @ Arizona Ave., # 50352, Elev. 1,215 ft.",2022-01-26,69,51,36,69,14
"EMF @ Arizona Ave., # 50352, Elev. 1,215 ft.",2022-01-25,70,54,37,81,18
"EMF @ Arizona Ave., # 50352, Elev. 1,215 ft.",2022-01-24,69,54,40,86,23
"EMF @ Arizona Ave., # 50352, Elev. 1,215 ft.",2022-01-23,70,57,44,96,26
"EMF @ Arizona Ave., # 50352, Elev. 1,215 ft.",2022-01-22,70,57,45,68,22
"EMF @ Arizona Ave., # 50352, Elev. 1,215 ft.",2022-01-21,72,55,38,73,21
"EMF @ Arizona Ave., # 50352, Elev. 1,215 ft.",2022-01-20,72,55,41,94,19
"EMF @ Arizona Ave., # 50352, Elev. 1,215 ft.",2022-01-19,70,56,45,94,34
"EMF @ Arizona Ave., # 50352, Elev. 1,215 ft.",2022-01-18,70,57,46,78,26
"EMF @ Arizona Ave., # 50352, Elev. 1,215 ft.",2022-01-17,73,55,42,72,15
"EMF @ Arizona Ave., # 50352, Elev. 1,215 ft.",2022-01-16,73,56,40,65,14
"EMF @ Arizona Ave., # 50352, Elev. 1,215 ft.",2022-01-15,72,59,41,86,13
"EMF @ Arizona Ave., # 50352, Elev. 1,215 ft.",2022-01-14,70,55,46,72,25
"EMF @ Arizona Ave., # 50352, Elev. 1,215 ft.",2022-01-13,71,53,36,80,19
"EMF @ Arizona Ave., # 50352, Elev. 1,215 ft.",2022-01-12,71,53,38,92,14
"EMF @ Arizona Ave., # 50352, Elev. 1,215 ft.",2022-01-11,72,58,46,67,22
"EMF @ Arizona Ave., # 50352, Elev. 1,215 ft.",2022-01-10,75,62,46,59,17
"EMF @ Arizona Ave., # 50352, Elev. 1,215 ft.",2022-01-09,74,55,38,99,19
"EMF @ Arizona Ave., # 50352, Elev. 1,215 ft.",2022-01-08,69,54,43,95,29
"EMF @ Arizona Ave., # 50352, Elev. 1,215 ft.",2022-01-07,74,54,39,99,25
"EMF @ Arizona Ave., # 50352, Elev. 1,215 ft.",2022-01-06,68,51,37,98,27
"EMF @ Arizona Ave., # 50352, Elev. 1,215 ft.",2022-01-05,67,49,36,99,27
"EMF @ Arizona Ave., # 50352, Elev. 1,215 ft.",2022-01-04,66,48,34,99,29
"EMF @ Arizona Ave., # 50352, Elev. 1,215 ft.",2022-01-03,65,47,32,99,22
"EMF @ Arizona Ave., # 50352, Elev. 1,215 ft.",2022-01-02,60,45,32,90,15
"EMF @ Arizona Ave., # 50352, Elev. 1,215 ft.",2022-01-01,57,51,38,99,25
"Estrella Fan, # 50842, Elev. 1,455 ft.",2022-01-31,68,60,53,28,15
"Estrella Fan, # 50842, Elev. 1,455 ft.",2022-01-30,72,65,57,33,17
"Estrella Fan, # 50842, Elev. 1,455 ft.",2022-01-29,74,66,59,22,15
"Estrella Fan, # 50842, Elev. 1,455 ft.",2022-01-28,71,63,54,20,12
"Estrella Fan, # 50842, Elev. 1,455 ft.",2022-01-27,68,56,42,57,12
"Estrella Fan, # 50842, Elev. 1,455 ft.",2022-01-26,66,56,44,52,21
"Estrella Fan, # 50842, Elev. 1,455 ft.",2022-01-25,70,59,46,62,20
"Estrella Fan, # 50842, Elev. 1,455 ft.",2022-01-24,68,58,47,69,26
"Estrella Fan, # 50842, Elev. 1,455 ft.",2022-01-23,70,61,56,60,30
"Estrella Fan, # 50842, Elev. 1,455 ft.",2022-01-22,68,60,50,78,26
"Estrella Fan, # 50842, Elev. 1,455 ft.",2022-01-21,72,61,44,61,22
"Estrella Fan, # 50842, Elev. 1,455 ft.",2022-01-20,71,60,48,71,23
"Estrella Fan, # 50842, Elev. 1,455 ft.",2022-01-19,70,61,51,69,34
"Estrella Fan, # 50842, Elev. 1,455 ft.",2022-01-18,70,62,57,53,27
"Estrella Fan, # 50842, Elev. 1,455 ft.",2022-01-17,73,64,58,33,16
"Estrella Fan, # 50842, Elev. 1,455 ft.",2022-01-16,69,65,60,29,17
"Estrella Fan, # 50842, Elev. 1,455 ft.",2022-01-15,69,67,64,24,17
"Estrella Fan, # 50842, Elev. 1,455 ft.",2022-01-14,71,65,57,45,20
"Estrella Fan, # 50842, Elev. 1,455 ft.",2022-01-13,70,59,48,45,24
"Estrella Fan, # 50842, Elev. 1,455 ft.",2022-01-12,72,61,51,46,19
"Estrella Fan, # 50842, Elev. 1,455 ft.",2022-01-11,72,64,58,42,23
"Estrella Fan, # 50842, Elev. 1,455 ft.",2022-01-10,73,68,63,34,22
"Estrella Fan, # 50842, Elev. 1,455 ft.",2022-01-09,73,61,48,76,20
"Estrella Fan, # 50842, Elev. 1,455 ft.",2022-01-08,68,60,54,62,34
"Estrella Fan, # 50842, Elev. 1,455 ft.",2022-01-07,73,58,46,75,25
"Estrella Fan, # 50842, Elev. 1,455 ft.",2022-01-06,67,55,44,74,32
"Estrella Fan, # 50842, Elev. 1,455 ft.",2022-01-05,67,54,41,75,29
"Estrella Fan, # 50842, Elev. 1,455 ft.",2022-01-04,66,53,41,71,28
"Estrella Fan, # 50842, Elev. 1,455 ft.",2022-01-03,64,51,38,63,26
"Estrella Fan, # 50842, Elev. 1,455 ft.",2022-01-02,60,50,40,53,17
"Estrella Fan, # 50842, Elev. 1,455 ft.",2022-01-01,58,53,46,91,22
"Fountain Hills Fire Dept., # 50767, Elev. 1,665 ft.",2022-01-31,68,54,41,61,20
"Fountain Hills Fire Dept., # 50767, Elev. 1,665 ft.",2022-01-30,71,61,48,52,19
"Fountain Hills Fire Dept., # 50767, Elev. 1,665 ft.",2022-01-29,70,58,45,37,14
"Fountain Hills Fire Dept., # 50767, Elev. 1,665 ft.",2022-01-28,68,55,45,31,11
"Fountain Hills Fire Dept., # 50767, Elev. 1,665 ft.",2022-01-27,67,54,41,58,11
"Fountain Hills Fire Dept., # 50767, Elev. 1,665 ft.",2022-01-26,66,53,42,56,13
"Fountain Hills Fire Dept., # 50767, Elev. 1,665 ft.",2022-01-25,66,52,39,85,22
"Fountain Hills Fire Dept., # 50767, Elev. 1,665 ft.",2022-01-24,66,53,41,75,32
"Fountain Hills Fire Dept., # 50767, Elev. 1,665 ft.",2022-01-23,69,57,48,88,27
"Fountain Hills Fire Dept., # 50767, Elev. 1,665 ft.",2022-01-22,66,57,49,90,26
"Fountain Hills Fire Dept., # 50767, Elev. 1,665 ft.",2022-01-21,69,55,44,46,17
"Fountain Hills Fire Dept., # 50767, Elev. 1,665 ft.",2022-01-20,70,56,45,78,20
"Fountain Hills Fire Dept., # 50767, Elev. 1,665 ft.",2022-01-19,67,56,48,78,38
"Fountain Hills Fire Dept., # 50767, Elev. 1,665 ft.",2022-01-18,66,55,47,71,31
"Fountain Hills Fire Dept., # 50767, Elev. 1,665 ft.",2022-01-17,69,55,44,55,17
"Fountain Hills Fire Dept., # 50767, Elev. 1,665 ft.",2022-01-16,70,57,49,48,14
"Fountain Hills Fire Dept., # 50767, Elev. 1,665 ft.",2022-01-15,67,58,52,38,17
"Fountain Hills Fire Dept., # 50767, Elev. 1,665 ft.",2022-01-14,69,57,48,68,24
"Fountain Hills Fire Dept., # 50767, Elev. 1,665 ft.",2022-01-13,72,57,45,52,17
"Fountain Hills Fire Dept., # 50767, Elev. 1,665 ft.",2022-01-12,69,54,43,58,17
"Fountain Hills Fire Dept., # 50767, Elev. 1,665 ft.",2022-01-11,69,55,45,65,20
"Fountain Hills Fire Dept., # 50767, Elev. 1,665 ft.",2022-01-10,70,59,50,39,20
"Fountain Hills Fire Dept., # 50767, Elev. 1,665 ft.",2022-01-09,71,57,45,75,18
"Fountain Hills Fire Dept., # 50767, Elev. 1,665 ft.",2022-01-08,66,52,44,83,32
"Fountain Hills Fire Dept., # 50767, Elev. 1,665 ft.",2022-01-07,70,55,44,80,28
"Fountain Hills Fire Dept., # 50767, Elev. 1,665 ft.",2022-01-06,68,52,40,79,31
"Fountain Hills Fire Dept., # 50767, Elev. 1,665 ft.",2022-01-05,65,51,38,75,26
"Fountain Hills Fire Dept., # 50767, Elev. 1,665 ft.",2022-01-04,64,49,38,68,23
"Fountain Hills Fire Dept., # 50767, Elev. 1,665 ft.",2022-01-03,65,50,42,62,17
"Fountain Hills Fire Dept., # 50767, Elev. 1,665 ft.",2022-01-02,57,44,34,51,17
"Fountain Hills Fire Dept., # 50767, Elev. 1,665 ft.",2022-01-01,52,48,38,98,22
"G & F Woolsey Peak, # 50232, Elev. 1,985 ft.",2022-01-31,69,65,58,25,9
"G & F Woolsey Peak, # 50232, Elev. 1,985 ft.",2022-01-30,71,64,58,21,13
"G & F Woolsey Peak, # 50232, Elev. 1,985 ft.",2022-01-29,71,62,54,27,16
"G & F Woolsey Peak, # 50232, Elev. 1,985 ft.",2022-01-28,67,60,51,21,12
"G & F Woolsey Peak, # 50232, Elev. 1,985 ft.",2022-01-27,66,59,53,28,16
"G & F Woolsey Peak, # 50232, Elev. 1,985 ft.",2022-01-26,66,58,53,39,20
"G & F Woolsey Peak, # 50232, Elev. 1,985 ft.",2022-01-25,68,61,56,40,19
"G & F Woolsey Peak, # 50232, Elev. 1,985 ft.",2022-01-24,67,62,55,36,23
"G & F Woolsey Peak, # 50232, Elev. 1,985 ft.",2022-01-23,68,60,54,74,25
"G & F Woolsey Peak, # 50232, Elev. 1,985 ft.",2022-01-22,65,59,54,72,29
"G & F Woolsey Peak, # 50232, Elev. 1,985 ft.",2022-01-21,66,61,54,42,23
"G & F Woolsey Peak, # 50232, Elev. 1,985 ft.",2022-01-20,69,63,57,46,23
"G & F Woolsey Peak, # 50232, Elev. 1,985 ft.",2022-01-19,68,63,58,56,31
"G & F Woolsey Peak, # 50232, Elev. 1,985 ft.",2022-01-18,68,65,60,51,17
"G & F Woolsey Peak, # 50232, Elev. 1,985 ft.",2022-01-17,70,64,60,32,17
"G & F Woolsey Peak, # 50232, Elev. 1,985 ft.",2022-01-16,68,63,56,29,14
"G & F Woolsey Peak, # 50232, Elev. 1,985 ft.",2022-01-15,67,64,58,27,17
"G & F Woolsey Peak, # 50232, Elev. 1,985 ft.",2022-01-14,72,67,62,36,17
"G & F Woolsey Peak, # 50232, Elev. 1,985 ft.",2022-01-13,71,65,60,33,13
"G & F Woolsey Peak, # 50232, Elev. 1,985 ft.",2022-01-12,67,62,57,32,15
"G & F Woolsey Peak, # 50232, Elev. 1,985 ft.",2022-01-11,68,62,57,37,19
"G & F Woolsey Peak, # 50232, Elev. 1,985 ft.",2022-01-10,69,63,58,34,25
"G & F Woolsey Peak, # 50232, Elev. 1,985 ft.",2022-01-09,69,62,54,64,24
"G & F Woolsey Peak, # 50232, Elev. 1,985 ft.",2022-01-08,66,63,59,54,23
"G & F Woolsey Peak, # 50232, Elev. 1,985 ft.",2022-01-07,67,63,57,49,30
"G & F Woolsey Peak, # 50232, Elev. 1,985 ft.",2022-01-06,65,61,53,52,23
"G & F Woolsey Peak, # 50232, Elev. 1,985 ft.",2022-01-05,67,59,52,45,19
"G & F Woolsey Peak, # 50232, Elev. 1,985 ft.",2022-01-04,61,57,51,48,21
"G & F Woolsey Peak, # 50232, Elev. 1,985 ft.",2022-01-03,60,54,47,41,19
"G & F Woolsey Peak, # 50232, Elev. 1,985 ft.",2022-01-02,54,48,42,42,18
"G & F Woolsey Peak, # 50232, Elev. 1,985 ft.",2022-01-01,55,50,46,97,23
"GateWay Community College, # 50030, Elev. 1,145 ft.",2022-01-31,69,59,49,51,17
"GateWay Community College, # 50030, Elev. 1,145 ft.",2022-01-30,72,64,54,34,19
"GateWay Community College, # 50030, Elev. 1,145 ft.",2022-01-29,74,64,51,35,14
"GateWay Community College, # 50030, Elev. 1,145 ft.",2022-01-28,72,61,52,28,13
"GateWay Community College, # 50030, Elev. 1,145 ft.",2022-01-27,68,56,43,52,16
"GateWay Community College, # 50030, Elev. 1,145 ft.",2022-01-26,69,56,44,56,14
"GateWay Community College, # 50030, Elev. 1,145 ft.",2022-01-25,69,57,46,65,21
"GateWay Community College, # 50030, Elev. 1,145 ft.",2022-01-24,69,57,48,68,28
"GateWay Community College, # 50030, Elev. 1,145 ft.",2022-01-23,71,59,49,86,29
"GateWay Community College, # 50030, Elev. 1,145 ft.",2022-01-22,69,58,49,76,24
"GateWay Community College, # 50030, Elev. 1,145 ft.",2022-01-21,72,59,48,48,21
"GateWay Community College, # 50030, Elev. 1,145 ft.",2022-01-20,72,59,48,77,23
"GateWay Community College, # 50030, Elev. 1,145 ft.",2022-01-19,70,60,53,65,35
"GateWay Community College, # 50030, Elev. 1,145 ft.",2022-01-18,70,60,55,61,25
"GateWay Community College, # 50030, Elev. 1,145 ft.",2022-01-17,72,59,50,48,19
"GateWay Community College, # 50030, Elev. 1,145 ft.",2022-01-16,75,62,49,43,14
"GateWay Community College, # 50030, Elev. 1,145 ft.",2022-01-15,71,62,50,58,16
"GateWay Community College, # 50030, Elev. 1,145 ft.",2022-01-14,72,60,53,53,21
"GateWay Community College, # 50030, Elev. 1,145 ft.",2022-01-13,72,59,46,56,21
"GateWay Community College, # 50030, Elev. 1,145 ft.",2022-01-12,71,59,51,54,17
"GateWay Community College, # 50030, Elev. 1,145 ft.",2022-01-11,73,62,52,50,20
"GateWay Community College, # 50030, Elev. 1,145 ft.",2022-01-10,74,65,54,36,20
"GateWay Community College, # 50030, Elev. 1,145 ft.",2022-01-09,75,59,44,79,21
"GateWay Community College, # 50030, Elev. 1,145 ft.",2022-01-08,68,57,49,69,36
"GateWay Community College, # 50030, Elev. 1,145 ft.",2022-01-07,72,57,46,75,30
"GateWay Community College, # 50030, Elev. 1,145 ft.",2022-01-06,68,54,44,75,33
"GateWay Community College, # 50030, Elev. 1,145 ft.",2022-01-05,66,53,42,72,25
"GateWay Community College, # 50030, Elev. 1,145 ft.",2022-01-04,66,53,42,66,25
"GateWay Community College, # 50030, Elev. 1,145 ft.",2022-01-03,68,52,38,67,21
"GateWay Community College, # 50030, Elev. 1,145 ft.",2022-01-02,61,48,36,66,18
"GateWay Community College, # 50030, Elev. 1,145 ft.",2022-01-01,57,51,43,86,21
"Gila Bend Landfill, # 50425, Elev. 750 ft.",2022-01-31,67,53,39,44,12
"Gila Bend Landfill, # 50425, Elev. 750 ft.",2022-01-30,69,56,44,37,13
"Gila Bend Landfill, # 50425, Elev. 750 ft.",2022-01-29,73,61,49,34,11
"Gila Bend Landfill, # 50425, Elev. 750 ft.",2022-01-28,69,58,43,44,13
"Gila Bend Landfill, # 50425, Elev. 750 ft.",2022-01-27,65,48,33,63,16
"Gila Bend Landfill, # 50425, Elev. 750 ft.",2022-01-26,67,50,35,59,18
"Gila Bend Landfill, # 50425, Elev. 750 ft.",2022-01-25,68,52,38,64,17
"Gila Bend Landfill, # 50425, Elev. 750 ft.",2022-01-24,66,52,39,73,21
"Gila Bend Landfill, # 50425, Elev. 750 ft.",2022-01-23,68,55,45,81,27
"Gila Bend Landfill, # 50425, Elev. 750 ft.",2022-01-22,66,52,41,70,26
"Gila Bend Landfill, # 50425, Elev. 750 ft.",2022-01-21,69,52,38,68,21
"Gila Bend Landfill, # 50425, Elev. 750 ft.",2022-01-20,69,53,39,80,19
"Gila Bend Landfill, # 50425, Elev. 750 ft.",2022-01-19,69,54,44,74,30
"Gila Bend Landfill, # 50425, Elev. 750 ft.",2022-01-18,69,57,49,58,21
"Gila Bend Landfill, # 50425, Elev. 750 ft.",2022-01-17,72,55,42,61,15
"Gila Bend Landfill, # 50425, Elev. 750 ft.",2022-01-16,70,57,47,40,13
"Gila Bend Landfill, # 50425, Elev. 750 ft.",2022-01-15,70,58,46,51,13
"Gila Bend Landfill, # 50425, Elev. 750 ft.",2022-01-14,69,55,47,66,23
"Gila Bend Landfill, # 50425, Elev. 750 ft.",2022-01-13,69,52,41,58,21
"Gila Bend Landfill, # 50425, Elev. 750 ft.",2022-01-12,68,53,44,51,15
"Gila Bend Landfill, # 50425, Elev. 750 ft.",2022-01-11,69,57,48,56,23
"Gila Bend Landfill, # 50425, Elev. 750 ft.",2022-01-10,72,60,48,42,18
"Gila Bend Landfill, # 50425, Elev. 750 ft.",2022-01-09,70,54,42,85,21
"Gila Bend Landfill, # 50425, Elev. 750 ft.",2022-01-08,67,52,42,81,34
"Gila Bend Landfill, # 50425, Elev. 750 ft.",2022-01-07,68,52,42,79,29
"Gila Bend Landfill, # 50425, Elev. 750 ft.",2022-01-06,64,59,47,66,31
"Gila Bend Landfill, # 50425, Elev. 750 ft.",2022-01-05,,,,,
"Gila Bend Landfill, # 50425, Elev. 750 ft.",2022-01-04,,,,,
"Gila Bend Landfill, # 50425, Elev. 750 ft.",2022-01-03,,,,,
"Gila Bend Landfill, # 50425, Elev. 750 ft.",2022-01-02,,,,,
"Gila Bend Landfill, # 50425, Elev. 750 ft.",2022-01-01,,,,,
"Gila Bend Mountains, # 50415, Elev. 1,560 ft.",2022-01-31,67,57,47,26,12
"Gila Bend Mountains, # 50415, Elev. 1,560 ft.",2022-01-30,69,60,51,21,14
"Gila Bend Mountains, # 50415, Elev. 1,560 ft.",2022-01-29,64,56,46,28,17
"Gila Bend Mountains, # 50415, Elev. 1,560 ft.",2022-01-28,62,55,46,28,14
"Gila Bend Mountains, # 50415, Elev. 1,560 ft.",2022-01-27,63,54,45,31,16
"Gila Bend Mountains, # 50415, Elev. 1,560 ft.",2022-01-26,60,54,48,34,20
"Gila Bend Mountains, # 50415, Elev. 1,560 ft.",2022-01-25,67,55,45,58,20
"Gila Bend Mountains, # 50415, Elev. 1,560 ft.",2022-01-24,66,57,46,38,20
"Gila Bend Mountains, # 50415, Elev. 1,560 ft.",2022-01-23,64,55,47,75,26
"Gila Bend Mountains, # 50415, Elev. 1,560 ft.",2022-01-22,59,53,47,81,27
"Gila Bend Mountains, # 50415, Elev. 1,560 ft.",2022-01-21,63,56,48,39,22
"Gila Bend Mountains, # 50415, Elev. 1,560 ft.",2022-01-20,65,59,53,41,24
"Gila Bend Mountains, # 50415, Elev. 1,560 ft.",2022-01-19,67,58,52,62,28
"Gila Bend Mountains, # 50415, Elev. 1,560 ft.",2022-01-18,66,58,51,54,21
"Gila Bend Mountains, # 50415, Elev. 1,560 ft.",2022-01-17,69,59,50,35,17
"Gila Bend Mountains, # 50415, Elev. 1,560 ft.",2022-01-16,64,59,53,28,17
"Gila Bend Mountains, # 50415, Elev. 1,560 ft.",2022-01-15,63,59,53,34,18
"Gila Bend Mountains, # 50415, Elev. 1,560 ft.",2022-01-14,71,61,51,44,17
"Gila Bend Mountains, # 50415, Elev. 1,560 ft.",2022-01-13,65,58,47,32,19
"Gila Bend Mountains, # 50415, Elev. 1,560 ft.",2022-01-12,65,58,49,30,17
"Gila Bend Mountains, # 50415, Elev. 1,560 ft.",2022-01-11,65,58,50,31,20
"Gila Bend Mountains, # 50415, Elev. 1,560 ft.",2022-01-10,65,59,54,31,23
"Gila Bend Mountains, # 50415, Elev. 1,560 ft.",2022-01-09,65,57,47,64,25
"Gila Bend Mountains, # 50415, Elev. 1,560 ft.",2022-01-08,64,57,49,62,35
"Gila Bend Mountains, # 50415, Elev. 1,560 ft.",2022-01-07,67,56,47,64,29
"Gila Bend Mountains, # 50415, Elev. 1,560 ft.",2022-01-06,60,54,45,53,25
"Gila Bend Mountains, # 50415, Elev. 1,560 ft.",2022-01-05,65,54,44,40,18
"Gila Bend Mountains, # 50415, Elev. 1,560 ft.",2022-01-04,60,50,40,59,20
"Gila Bend Mountains, # 50415, Elev. 1,560 ft.",2022-01-03,57,51,40,39,20
"Gila Bend Mountains, # 50415, Elev. 1,560 ft.",2022-01-02,52,44,37,42,18
"Gila Bend Mountains, # 50415, Elev. 1,560 ft.",2022-01-01,48,46,40,100,23
"Horseshoe Lake, # 50825, Elev. 2,070 ft.",2022-01-31,72,54,39,82,17
"Horseshoe Lake, # 50825, Elev. 2,070 ft.",2022-01-30,71,60,47,70,21
"Horseshoe Lake, # 50825, Elev. 2,070 ft.",2022-01-29,70,56,41,42,13
"Horseshoe Lake, # 50825, Elev. 2,070 ft.",2022-01-28,71,56,36,42,6
"Horseshoe Lake, # 50825, Elev. 2,070 ft.",2022-01-27,70,53,36,67,10
"Horseshoe Lake, # 50825, Elev. 2,070 ft.",2022-01-26,67,55,42,62,11
"Horseshoe Lake, # 50825, Elev. 2,070 ft.",2022-01-25,68,52,38,97,20
"Horseshoe Lake, # 50825, Elev. 2,070 ft.",2022-01-24,70,52,39,97,19
"Horseshoe Lake, # 50825, Elev. 2,070 ft.",2022-01-23,70,57,47,82,20
"Horseshoe Lake, # 50825, Elev. 2,070 ft.",2022-01-22,65,57,53,74,27
"Horseshoe Lake, # 50825, Elev. 2,070 ft.",2022-01-21,69,53,38,77,18
"Horseshoe Lake, # 50825, Elev. 2,070 ft.",2022-01-20,70,55,42,90,16
"Horseshoe Lake, # 50825, Elev. 2,070 ft.",2022-01-19,68,54,46,97,38
"Horseshoe Lake, # 50825, Elev. 2,070 ft.",2022-01-18,63,52,45,97,31
"Horseshoe Lake, # 50825, Elev. 2,070 ft.",2022-01-17,70,54,42,81,14
"Horseshoe Lake, # 50825, Elev. 2,070 ft.",2022-01-16,72,54,42,72,13
"Horseshoe Lake, # 50825, Elev. 2,070 ft.",2022-01-15,66,58,45,71,21
"Horseshoe Lake, # 50825, Elev. 2,070 ft.",2022-01-14,75,59,48,84,15
"Horseshoe Lake, # 50825, Elev. 2,070 ft.",2022-01-13,75,55,38,84,15
"Horseshoe Lake, # 50825, Elev. 2,070 ft.",2022-01-12,72,54,39,72,9
"Horseshoe Lake, # 50825, Elev. 2,070 ft.",2022-01-11,73,55,41,73,12
"Horseshoe Lake, # 50825, Elev. 2,070 ft.",2022-01-10,72,58,47,50,13
"Horseshoe Lake, # 50825, Elev. 2,070 ft.",2022-01-09,73,55,41,97,14
"Horseshoe Lake, # 50825, Elev. 2,070 ft.",2022-01-08,69,53,43,97,30
"Horseshoe Lake, # 50825, Elev. 2,070 ft.",2022-01-07,73,53,41,97,22
"Horseshoe Lake, # 50825, Elev. 2,070 ft.",2022-01-06,71,52,36,97,27
"Horseshoe Lake, # 50825, Elev. 2,070 ft.",2022-01-05,70,50,38,97,21
"Horseshoe Lake, # 50825, Elev. 2,070 ft.",2022-01-04,67,48,35,97,17
"Horseshoe Lake, # 50825, Elev. 2,070 ft.",2022-01-03,67,48,36,86,17
"Horseshoe Lake, # 50825, Elev. 2,070 ft.",2022-01-02,60,45,33,61,15
"Horseshoe Lake, # 50825, Elev. 2,070 ft.",2022-01-01,55,48,40,90,21
"Horsethief Basin, # 50160, Elev. 6,705 ft.",2022-01-31,55,47,43,40,14
"Horsethief Basin, # 50160, Elev. 6,705 ft.",2022-01-30,55,44,39,52,29
"Horsethief Basin, # 50160, Elev. 6,705 ft.",2022-01-29,52,42,34,37,15
"Horsethief Basin, # 50160, Elev. 6,705 ft.",2022-01-28,51,38,27,44,16
"Horsethief Basin, # 50160, Elev. 6,705 ft.",2022-01-27,54,41,31,41,17
"Horsethief Basin, # 50160, Elev. 6,705 ft.",2022-01-26,50,37,29,69,19
"Horsethief Basin, # 50160, Elev. 6,705 ft.",2022-01-25,46,41,32,69,31
"Horsethief Basin, # 50160, Elev. 6,705 ft.",2022-01-24,56,47,42,47,23
"Horsethief Basin, # 50160, Elev. 6,705 ft.",2022-01-23,51,41,33,98,37
"Horsethief Basin, # 50160, Elev. 6,705 ft.",2022-01-22,46,35,31,98,54
"Horsethief Basin, # 50160, Elev. 6,705 ft.",2022-01-21,48,41,34,65,21
"Horsethief Basin, # 50160, Elev. 6,705 ft.",2022-01-20,49,42,35,76,27
"Horsethief Basin, # 50160, Elev. 6,705 ft.",2022-01-19,49,40,37,98,53
"Horsethief Basin, # 50160, Elev. 6,705 ft.",2022-01-18,46,41,37,96,35
"Horsethief Basin, # 50160, Elev. 6,705 ft.",2022-01-17,53,46,43,68,18
"Horsethief Basin, # 50160, Elev. 6,705 ft.",2022-01-16,60,51,46,18,10
"Horsethief Basin, # 50160, Elev. 6,705 ft.",2022-01-15,51,42,37,45,9
"Horsethief Basin, # 50160, Elev. 6,705 ft.",2022-01-14,61,51,40,37,9
"Horsethief Basin, # 50160, Elev. 6,705 ft.",2022-01-13,63,54,48,29,9
"Horsethief Basin, # 50160, Elev. 6,705 ft.",2022-01-12,62,51,45,22,9
"Horsethief Basin, # 50160, Elev. 6,705 ft.",2022-01-11,59,45,37,50,12
"Horsethief Basin, # 50160, Elev. 6,705 ft.",2022-01-10,54,43,35,49,20
"Horsethief Basin, # 50160, Elev. 6,705 ft.",2022-01-09,53,42,36,80,27
"Horsethief Basin, # 50160, Elev. 6,705 ft.",2022-01-08,49,43,39,79,41
"Horsethief Basin, # 50160, Elev. 6,705 ft.",2022-01-07,54,49,43,50,34
"Horsethief Basin, # 50160, Elev. 6,705 ft.",2022-01-06,64,54,47,45,24
"Horsethief Basin, # 50160, Elev. 6,705 ft.",2022-01-05,58,49,42,42,24
"Horsethief Basin, # 50160, Elev. 6,705 ft.",2022-01-04,54,45,41,37,11
"Horsethief Basin, # 50160, Elev. 6,705 ft.",2022-01-03,54,49,42,25,9
"Horsethief Basin, # 50160, Elev. 6,705 ft.",2022-01-02,50,36,24,39,9
"Horsethief Basin, # 50160, Elev. 6,705 ft.",2022-01-01,35,27,22,99,24
"Humboldt Mountain, # 50012, Elev. 5,205 ft.",2022-01-31,59,51,47,36,23
"Humboldt Mountain, # 50012, Elev. 5,205 ft.",2022-01-30,61,51,46,49,28
"Humboldt Mountain, # 50012, Elev. 5,205 ft.",2022-01-29,56,49,42,36,19
"Humboldt Mountain, # 50012, Elev. 5,205 ft.",2022-01-28,57,44,33,34,12
"Humboldt Mountain, # 50012, Elev. 5,205 ft.",2022-01-27,60,47,39,33,16
"Humboldt Mountain, # 50012, Elev. 5,205 ft.",2022-01-26,54,44,37,57,15
"Humboldt Mountain, # 50012, Elev. 5,205 ft.",2022-01-25,56,46,41,62,30
"Humboldt Mountain, # 50012, Elev. 5,205 ft.",2022-01-24,58,49,46,58,33
"Humboldt Mountain, # 50012, Elev. 5,205 ft.",2022-01-23,57,47,39,96,31
"Humboldt Mountain, # 50012, Elev. 5,205 ft.",2022-01-22,53,43,40,92,40
"Humboldt Mountain, # 50012, Elev. 5,205 ft.",2022-01-21,57,48,42,44,19
"Humboldt Mountain, # 50012, Elev. 5,205 ft.",2022-01-20,56,48,42,75,19
"Humboldt Mountain, # 50012, Elev. 5,205 ft.",2022-01-19,56,47,44,80,52
"Humboldt Mountain, # 50012, Elev. 5,205 ft.",2022-01-18,52,47,44,85,33
"Humboldt Mountain, # 50012, Elev. 5,205 ft.",2022-01-17,,,,,
"Humboldt Mountain, # 50012, Elev. 5,205 ft.",2022-01-16,51,48,47,26,22
"Humboldt Mountain, # 50012, Elev. 5,205 ft.",2022-01-15,54,48,42,42,14
"Humboldt Mountain, # 50012, Elev. 5,205 ft.",2022-01-14,66,55,46,36,12
"Humboldt Mountain, # 50012, Elev. 5,205 ft.",2022-01-13,65,58,54,27,14
"Humboldt Mountain, # 50012, Elev. 5,205 ft.",2022-01-12,63,55,47,21,6
"Humboldt Mountain, # 50012, Elev. 5,205 ft.",2022-01-11,60,51,43,40,14
"Humboldt Mountain, # 50012, Elev. 5,205 ft.",2022-01-10,58,49,44,37,22
"Humboldt Mountain, # 50012, Elev. 5,205 ft.",2022-01-09,58,49,43,63,23
"Humboldt Mountain, # 50012, Elev. 5,205 ft.",2022-01-08,57,49,46,64,38
"Humboldt Mountain, # 50012, Elev. 5,205 ft.",2022-01-07,62,54,51,44,31
"Humboldt Mountain, # 50012, Elev. 5,205 ft.",2022-01-06,61,55,49,45,30
"Humboldt Mountain, # 50012, Elev. 5,205 ft.",2022-01-05,61,53,46,43,13
"Humboldt Mountain, # 50012, Elev. 5,205 ft.",2022-01-04,57,49,44,41,14
"Humboldt Mountain, # 50012, Elev. 5,205 ft.",2022-01-03,56,49,41,28,10
"Humboldt Mountain, # 50012, Elev. 5,205 ft.",2022-01-02,47,38,29,37,13
"Humboldt Mountain, # 50012, Elev. 5,205 ft.",2022-01-01,41,35,29,98,34
"Jefferson Park, # 50349, Elev. 1,400 ft.",2022-01-31,67,55,42,64,22
"Jefferson Park, # 50349, Elev. 1,400 ft.",2022-01-30,71,62,51,53,21
"Jefferson Park, # 50349, Elev. 1,400 ft.",2022-01-29,73,61,49,41,16
"Jefferson Park, # 50349, Elev. 1,400 ft.",2022-01-28,71,60,51,35,14
"Jefferson Park, # 50349, Elev. 1,400 ft.",2022-01-27,67,53,39,66,15
"Jefferson Park, # 50349, Elev. 1,400 ft.",2022-01-26,66,54,40,74,19
"Jefferson Park, # 50349, Elev. 1,400 ft.",2022-01-25,67,54,41,82,24
"Jefferson Park, # 50349, Elev. 1,400 ft.",2022-01-24,67,54,44,79,32
"Jefferson Park, # 50349, Elev. 1,400 ft.",2022-01-23,69,59,50,80,32
"Jefferson Park, # 50349, Elev. 1,400 ft.",2022-01-22,68,58,48,89,27
"Jefferson Park, # 50349, Elev. 1,400 ft.",2022-01-21,72,56,40,71,23
"Jefferson Park, # 50349, Elev. 1,400 ft.",2022-01-20,72,57,45,87,24
"Jefferson Park, # 50349, Elev. 1,400 ft.",2022-01-19,68,57,50,75,38
"Jefferson Park, # 50349, Elev. 1,400 ft.",2022-01-18,69,58,51,72,32
"Jefferson Park, # 50349, Elev. 1,400 ft.",2022-01-17,71,56,46,60,21
"Jefferson Park, # 50349, Elev. 1,400 ft.",2022-01-16,72,57,41,63,17
"Jefferson Park, # 50349, Elev. 1,400 ft.",2022-01-15,70,61,48,65,18
"Jefferson Park, # 50349, Elev. 1,400 ft.",2022-01-14,68,57,48,66,28
"Jefferson Park, # 50349, Elev. 1,400 ft.",2022-01-13,71,55,43,67,22
"Jefferson Park, # 50349, Elev. 1,400 ft.",2022-01-12,72,57,43,67,18
"Jefferson Park, # 50349, Elev. 1,400 ft.",2022-01-11,71,60,52,56,24
"Jefferson Park, # 50349, Elev. 1,400 ft.",2022-01-10,74,64,54,43,21
"Jefferson Park, # 50349, Elev. 1,400 ft.",2022-01-09,75,57,40,91,21
"Jefferson Park, # 50349, Elev. 1,400 ft.",2022-01-08,68,55,47,79,34
"Jefferson Park, # 50349, Elev. 1,400 ft.",2022-01-07,71,54,42,87,30
"Jefferson Park, # 50349, Elev. 1,400 ft.",2022-01-06,66,51,39,89,33
"Jefferson Park, # 50349, Elev. 1,400 ft.",2022-01-05,66,50,38,88,27
"Jefferson Park, # 50349, Elev. 1,400 ft.",2022-01-04,65,49,36,82,28
"Jefferson Park, # 50349, Elev. 1,400 ft.",2022-01-03,66,48,34,83,21
"Jefferson Park, # 50349, Elev. 1,400 ft.",2022-01-02,63,46,36,75,17
"Jefferson Park, # 50349, Elev. 1,400 ft.",2022-01-01,54,49,40,99,20
"Jomax Rd. @ 70th St., # 50608, Elev. 2,010 ft.",2022-01-31,68,56,45,53,20
"Jomax Rd. @ 70th St., # 50608, Elev. 2,010 ft.",2022-01-30,72,62,49,48,20
"Jomax Rd. @ 70th St., # 50608, Elev. 2,010 ft.",2022-01-29,71,60,48,33,13
"Jomax Rd. @ 70th St., # 50608, Elev. 2,010 ft.",2022-01-28,69,56,44,33,12
"Jomax Rd. @ 70th St., # 50608, Elev. 2,010 ft.",2022-01-27,68,55,41,51,11
"Jomax Rd. @ 70th St., # 50608, Elev. 2,010 ft.",2022-01-26,68,55,43,52,14
"Jomax Rd. @ 70th St., # 50608, Elev. 2,010 ft.",2022-01-25,67,54,42,77,23
"Jomax Rd. @ 70th St., # 50608, Elev. 2,010 ft.",2022-01-24,67,55,44,74,31
"Jomax Rd. @ 70th St., # 50608, Elev. 2,010 ft.",2022-01-23,70,58,49,91,28
"Jomax Rd. @ 70th St., # 50608, Elev. 2,010 ft.",2022-01-22,67,59,49,94,27
"Jomax Rd. @ 70th St., # 50608, Elev. 2,010 ft.",2022-01-21,68,58,48,43,22
"Jomax Rd. @ 70th St., # 50608, Elev. 2,010 ft.",2022-01-20,72,58,47,74,18
"Jomax Rd. @ 70th St., # 50608, Elev. 2,010 ft.",2022-01-19,68,57,50,77,37
"Jomax Rd. @ 70th St., # 50608, Elev. 2,010 ft.",2022-01-18,66,58,51,72,28
"Jomax Rd. @ 70th St., # 50608, Elev. 2,010 ft.",2022-01-17,70,58,47,48,18
"Jomax Rd. @ 70th St., # 50608, Elev. 2,010 ft.",2022-01-16,73,60,52,40,11
"Jomax Rd. @ 70th St., # 50608, Elev. 2,010 ft.",2022-01-15,68,59,50,38,16
"Jomax Rd. @ 70th St., # 50608, Elev. 2,010 ft.",2022-01-14,71,59,51,54,22
"Jomax Rd. @ 70th St., # 50608, Elev. 2,010 ft.",2022-01-13,71,59,49,41,19
"Jomax Rd. @ 70th St., # 50608, Elev. 2,010 ft.",2022-01-12,69,58,50,46,14
"Jomax Rd. @ 70th St., # 50608, Elev. 2,010 ft.",2022-01-11,73,60,50,50,17
"Jomax Rd. @ 70th St., # 50608, Elev. 2,010 ft.",2022-01-10,72,63,53,36,19
"Jomax Rd. @ 70th St., # 50608, Elev. 2,010 ft.",2022-01-09,72,59,46,69,19
"Jomax Rd. @ 70th St., # 50608, Elev. 2,010 ft.",2022-01-08,66,56,48,70,35
"Jomax Rd. @ 70th St., # 50608, Elev. 2,010 ft.",2022-01-07,70,57,45,78,30
"Jomax Rd. @ 70th St., # 50608, Elev. 2,010 ft.",2022-01-06,68,54,44,73,31
"Jomax Rd. @ 70th St., # 50608, Elev. 2,010 ft.",2022-01-05,66,53,42,68,27
"Jomax Rd. @ 70th St., # 50608, Elev. 2,010 ft.",2022-01-04,65,52,41,63,24
"Jomax Rd. @ 70th St., # 50608, Elev. 2,010 ft.",2022-01-03,67,53,45,56,17
"Jomax Rd. @ 70th St., # 50608, Elev. 2,010 ft.",2022-01-02,60,46,34,56,17
"Jomax Rd. @ 70th St., # 50608, Elev. 2,010 ft.",2022-01-01,53,48,39,99,21
"Kleinman Park, # 50308, Elev. 1,220 ft.",2022-01-31,73,61,49,56,17
"Kleinman Park, # 50308, Elev. 1,220 ft.",2022-01-30,77,68,57,42,16
"Kleinman Park, # 50308, Elev. 1,220 ft.",2022-01-29,77,65,50,46,12
"Kleinman Park, # 50308, Elev. 1,220 ft.",2022-01-28,74,63,54,35,11
"Kleinman Park, # 50308, Elev. 1,220 ft.",2022-01-27,72,60,47,50,13
"Kleinman Park, # 50308, Elev. 1,220 ft.",2022-01-26,73,60,47,64,12
"Kleinman Park, # 50308, Elev. 1,220 ft.",2022-01-25,73,59,49,74,18
"Kleinman Park, # 50308, Elev. 1,220 ft.",2022-01-24,73,59,49,77,26
"Kleinman Park, # 50308, Elev. 1,220 ft.",2022-01-23,74,63,55,81,26
"Kleinman Park, # 50308, Elev. 1,220 ft.",2022-01-22,72,63,56,87,23
"Kleinman Park, # 50308, Elev. 1,220 ft.",2022-01-21,75,62,50,54,19
"Kleinman Park, # 50308, Elev. 1,220 ft.",2022-01-20,77,63,52,76,19
"Kleinman Park, # 50308, Elev. 1,220 ft.",2022-01-19,73,63,56,69,33
"Kleinman Park, # 50308, Elev. 1,220 ft.",2022-01-18,74,64,56,59,23
"Kleinman Park, # 50308, Elev. 1,220 ft.",2022-01-17,76,61,52,53,16
"Kleinman Park, # 50308, Elev. 1,220 ft.",2022-01-16,78,65,51,42,11
"Kleinman Park, # 50308, Elev. 1,220 ft.",2022-01-15,74,66,58,37,13
"Kleinman Park, # 50308, Elev. 1,220 ft.",2022-01-14,74,62,55,56,23
"Kleinman Park, # 50308, Elev. 1,220 ft.",2022-01-13,76,61,47,67,18
"Kleinman Park, # 50308, Elev. 1,220 ft.",2022-01-12,75,63,53,45,16
"Kleinman Park, # 50308, Elev. 1,220 ft.",2022-01-11,75,65,58,51,18
"Kleinman Park, # 50308, Elev. 1,220 ft.",2022-01-10,77,68,61,36,18
"Kleinman Park, # 50308, Elev. 1,220 ft.",2022-01-09,78,63,48,82,18
"Kleinman Park, # 50308, Elev. 1,220 ft.",2022-01-08,72,59,50,78,32
"Kleinman Park, # 50308, Elev. 1,220 ft.",2022-01-07,76,59,46,87,26
"Kleinman Park, # 50308, Elev. 1,220 ft.",2022-01-06,71,56,46,82,30
"Kleinman Park, # 50308, Elev. 1,220 ft.",2022-01-05,72,56,44,82,22
"Kleinman Park, # 50308, Elev. 1,220 ft.",2022-01-04,71,55,43,76,23
"Kleinman Park, # 50308, Elev. 1,220 ft.",2022-01-03,73,57,44,62,14
"Kleinman Park, # 50308, Elev. 1,220 ft.",2022-01-02,64,53,40,55,14
"Kleinman Park, # 50308, Elev. 1,220 ft.",2022-01-01,60,55,46,95,15
"Lake Pleasant, # 50150, Elev. 1,815 ft.",2022-01-31,68,59,50,58,19
"Lake Pleasant, # 50150, Elev. 1,815 ft.",2022-01-30,72,63,55,62,19
"Lake Pleasant, # 50150, Elev. 1,815 ft.",2022-01-29,71,63,57,45,12
"Lake Pleasant, # 50150, Elev. 1,815 ft.",2022-01-28,71,60,52,27,8
"Lake Pleasant, # 50150, Elev. 1,815 ft.",2022-01-27,70,58,49,49,13
"Lake Pleasant, # 50150, Elev. 1,815 ft.",2022-01-26,68,59,52,61,10
"Lake Pleasant, # 50150, Elev. 1,815 ft.",2022-01-25,67,56,47,66,24
"Lake Pleasant, # 50150, Elev. 1,815 ft.",2022-01-24,68,58,50,69,28
"Lake Pleasant, # 50150, Elev. 1,815 ft.",2022-01-23,71,61,52,86,25
"Lake Pleasant, # 50150, Elev. 1,815 ft.",2022-01-22,67,60,51,89,26
"Lake Pleasant, # 50150, Elev. 1,815 ft.",2022-01-21,68,58,48,56,21
"Lake Pleasant, # 50150, Elev. 1,815 ft.",2022-01-20,71,61,54,66,17
"Lake Pleasant, # 50150, Elev. 1,815 ft.",2022-01-19,69,59,53,79,37
"Lake Pleasant, # 50150, Elev. 1,815 ft.",2022-01-18,64,57,53,73,32
"Lake Pleasant, # 50150, Elev. 1,815 ft.",2022-01-17,70,59,52,57,18
"Lake Pleasant, # 50150, Elev. 1,815 ft.",2022-01-16,73,61,52,56,11
"Lake Pleasant, # 50150, Elev. 1,815 ft.",2022-01-15,69,63,56,57,17
"Lake Pleasant, # 50150, Elev. 1,815 ft.",2022-01-14,74,62,55,64,18
"Lake Pleasant, # 50150, Elev. 1,815 ft.",2022-01-13,72,61,54,65,17
"Lake Pleasant, # 50150, Elev. 1,815 ft.",2022-01-12,70,60,52,65,15
"Lake Pleasant, # 50150, Elev. 1,815 ft.",2022-01-11,75,63,55,61,13
"Lake Pleasant, # 50150, Elev. 1,815 ft.",2022-01-10,74,65,58,47,14
"Lake Pleasant, # 50150, Elev. 1,815 ft.",2022-01-09,75,62,53,67,14
"Lake Pleasant, # 50150, Elev. 1,815 ft.",2022-01-08,67,58,51,76,36
"Lake Pleasant, # 50150, Elev. 1,815 ft.",2022-01-07,70,59,51,73,31
"Lake Pleasant, # 50150, Elev. 1,815 ft.",2022-01-06,68,57,48,77,31
"Lake Pleasant, # 50150, Elev. 1,815 ft.",2022-01-05,67,56,48,71,27
"Lake Pleasant, # 50150, Elev. 1,815 ft.",2022-01-04,65,54,46,67,22
"Lake Pleasant, # 50150, Elev. 1,815 ft.",2022-01-03,66,54,47,63,15
"Lake Pleasant, # 50150, Elev. 1,815 ft.",2022-01-02,62,50,42,53,13
"Lake Pleasant, # 50150, Elev. 1,815 ft.",2022-01-01,54,50,44,91,22
"Lake Pleasant North, # 50153, Elev. 1,750 ft.",2022-01-31,66,57,49,58,21
"Lake Pleasant North, # 50153, Elev. 1,750 ft.",2022-01-30,70,61,52,58,21
"Lake Pleasant North, # 50153, Elev. 1,750 ft.",2022-01-29,68,60,47,45,14
"Lake Pleasant North, # 50153, Elev. 1,750 ft.",2022-01-28,69,58,49,32,12
"Lake Pleasant North, # 50153, Elev. 1,750 ft.",2022-01-27,67,57,49,38,14
"Lake Pleasant North, # 50153, Elev. 1,750 ft.",2022-01-26,67,56,50,56,10
"Lake Pleasant North, # 50153, Elev. 1,750 ft.",2022-01-25,64,54,44,65,28
"Lake Pleasant North, # 50153, Elev. 1,750 ft.",2022-01-24,65,56,47,68,24
"Lake Pleasant North, # 50153, Elev. 1,750 ft.",2022-01-23,70,59,50,84,26
"Lake Pleasant North, # 50153, Elev. 1,750 ft.",2022-01-22,64,58,50,86,29
"Lake Pleasant North, # 50153, Elev. 1,750 ft.",2022-01-21,67,56,45,52,23
"Lake Pleasant North, # 50153, Elev. 1,750 ft.",2022-01-20,67,59,50,54,16
"Lake Pleasant North, # 50153, Elev. 1,750 ft.",2022-01-19,67,57,50,82,39
"Lake Pleasant North, # 50153, Elev. 1,750 ft.",2022-01-18,65,55,50,74,36
"Lake Pleasant North, # 50153, Elev. 1,750 ft.",2022-01-17,68,57,49,57,18
"Lake Pleasant North, # 50153, Elev. 1,750 ft.",2022-01-16,71,59,50,49,12
"Lake Pleasant North, # 50153, Elev. 1,750 ft.",2022-01-15,68,62,54,55,16
"Lake Pleasant North, # 50153, Elev. 1,750 ft.",2022-01-14,71,60,52,64,19
"Lake Pleasant North, # 50153, Elev. 1,750 ft.",2022-01-13,70,59,52,60,19
"Lake Pleasant North, # 50153, Elev. 1,750 ft.",2022-01-12,68,58,48,52,16
"Lake Pleasant North, # 50153, Elev. 1,750 ft.",2022-01-11,72,61,53,59,16
"Lake Pleasant North, # 50153, Elev. 1,750 ft.",2022-01-10,71,63,59,31,15
"Lake Pleasant North, # 50153, Elev. 1,750 ft.",2022-01-09,70,60,50,64,15
"Lake Pleasant North, # 50153, Elev. 1,750 ft.",2022-01-08,66,55,48,78,37
"Lake Pleasant North, # 50153, Elev. 1,750 ft.",2022-01-07,68,56,48,73,32
"Lake Pleasant North, # 50153, Elev. 1,750 ft.",2022-01-06,66,54,45,79,31
"Lake Pleasant North, # 50153, Elev. 1,750 ft.",2022-01-05,65,53,45,67,29
"Lake Pleasant North, # 50153, Elev. 1,750 ft.",2022-01-04,63,52,43,67,25
"Lake Pleasant North, # 50153, Elev. 1,750 ft.",2022-01-03,64,53,46,64,18
"Lake Pleasant North, # 50153, Elev. 1,750 ft.",2022-01-02,59,48,38,55,17
"Lake Pleasant North, # 50153, Elev. 1,750 ft.",2022-01-01,54,49,42,90,23
"Magma FRS, # 50423, Elev. 1,625 ft.",2022-01-31,66,55,42,56,20
"Magma FRS, # 50423, Elev. 1,625 ft.",2022-01-30,70,59,49,51,20
"Magma FRS, # 50423, Elev. 1,625 ft.",2022-01-29,72,61,54,35,13
"Magma FRS, # 50423, Elev. 1,625 ft.",2022-01-28,68,58,49,21,11
"Magma FRS, # 50423, Elev. 1,625 ft.",2022-01-27,64,52,40,51,10
"Magma FRS, # 50423, Elev. 1,625 ft.",2022-01-26,65,53,40,56,18
"Magma FRS, # 50423, Elev. 1,625 ft.",2022-01-25,68,54,42,63,17
"Magma FRS, # 50423, Elev. 1,625 ft.",2022-01-24,66,53,43,72,27
"Magma FRS, # 50423, Elev. 1,625 ft.",2022-01-23,66,58,50,78,33
"Magma FRS, # 50423, Elev. 1,625 ft.",2022-01-22,67,56,47,85,25
"Magma FRS, # 50423, Elev. 1,625 ft.",2022-01-21,70,55,42,56,21
"Magma FRS, # 50423, Elev. 1,625 ft.",2022-01-20,68,55,42,83,24
"Magma FRS, # 50423, Elev. 1,625 ft.",2022-01-19,68,57,49,71,38
"Magma FRS, # 50423, Elev. 1,625 ft.",2022-01-18,68,58,50,61,25
"Magma FRS, # 50423, Elev. 1,625 ft.",2022-01-17,70,57,48,51,17
"Magma FRS, # 50423, Elev. 1,625 ft.",2022-01-16,71,58,44,44,15
"Magma FRS, # 50423, Elev. 1,625 ft.",2022-01-15,69,61,55,36,14
"Magma FRS, # 50423, Elev. 1,625 ft.",2022-01-14,67,55,44,68,26
"Magma FRS, # 50423, Elev. 1,625 ft.",2022-01-13,70,55,40,65,18
"Magma FRS, # 50423, Elev. 1,625 ft.",2022-01-12,68,55,43,62,17
"Magma FRS, # 50423, Elev. 1,625 ft.",2022-01-11,68,58,46,64,24
"Magma FRS, # 50423, Elev. 1,625 ft.",2022-01-10,72,62,56,40,19
"Magma FRS, # 50423, Elev. 1,625 ft.",2022-01-09,73,55,40,84,19
"Magma FRS, # 50423, Elev. 1,625 ft.",2022-01-08,66,54,45,78,31
"Magma FRS, # 50423, Elev. 1,625 ft.",2022-01-07,72,56,41,83,23
"Magma FRS, # 50423, Elev. 1,625 ft.",2022-01-06,64,51,40,83,31
"Magma FRS, # 50423, Elev. 1,625 ft.",2022-01-05,63,49,35,82,26
"Magma FRS, # 50423, Elev. 1,625 ft.",2022-01-04,64,50,36,81,26
"Magma FRS, # 50423, Elev. 1,625 ft.",2022-01-03,62,49,34,65,23
"Magma FRS, # 50423, Elev. 1,625 ft.",2022-01-02,59,45,35,78,17
"Magma FRS, # 50423, Elev. 1,625 ft.",2022-01-01,53,48,37,93,21
"McMicken Dam, # 50717, Elev. 1,350 ft.",2022-01-31,70,57,42,57,21
"McMicken Dam, # 50717, Elev. 1,350 ft.",2022-01-30,75,63,50,44,19
"McMicken Dam, # 50717, Elev. 1,350 ft.",2022-01-29,72,61,41,47,15
"McMicken Dam, # 50717, Elev. 1,350 ft.",2022-01-28,72,61,52,23,12
"McMicken Dam, # 50717, Elev. 1,350 ft.",2022-01-27,71,55,36,59,13
"McMicken Dam, # 50717, Elev. 1,350 ft.",2022-01-26,70,55,42,56,12
"McMicken Dam, # 50717, Elev. 1,350 ft.",2022-01-25,68,55,41,81,21
"McMicken Dam, # 50717, Elev. 1,350 ft.",2022-01-24,69,56,42,73,25
"McMicken Dam, # 50717, Elev. 1,350 ft.",2022-01-23,71,60,47,82,26
"McMicken Dam, # 50717, Elev. 1,350 ft.",2022-01-22,70,60,50,80,24
"McMicken Dam, # 50717, Elev. 1,350 ft.",2022-01-21,71,56,41,60,19
"McMicken Dam, # 50717, Elev. 1,350 ft.",2022-01-20,74,59,45,71,15
"McMicken Dam, # 50717, Elev. 1,350 ft.",2022-01-19,71,59,48,80,34
"McMicken Dam, # 50717, Elev. 1,350 ft.",2022-01-18,69,57,47,65,31
"McMicken Dam, # 50717, Elev. 1,350 ft.",2022-01-17,72,57,45,55,17
"McMicken Dam, # 50717, Elev. 1,350 ft.",2022-01-16,74,57,41,57,11
"McMicken Dam, # 50717, Elev. 1,350 ft.",2022-01-15,72,64,50,46,14
"McMicken Dam, # 50717, Elev. 1,350 ft.",2022-01-14,74,61,51,64,17
"McMicken Dam, # 50717, Elev. 1,350 ft.",2022-01-13,72,56,41,64,17
"McMicken Dam, # 50717, Elev. 1,350 ft.",2022-01-12,72,54,40,67,14
"McMicken Dam, # 50717, Elev. 1,350 ft.",2022-01-11,74,60,46,49,17
"McMicken Dam, # 50717, Elev. 1,350 ft.",2022-01-10,75,63,48,48,17
"McMicken Dam, # 50717, Elev. 1,350 ft.",2022-01-09,75,59,43,86,16
"McMicken Dam, # 50717, Elev. 1,350 ft.",2022-01-08,69,56,45,82,38
"McMicken Dam, # 50717, Elev. 1,350 ft.",2022-01-07,71,55,42,87,30
"McMicken Dam, # 50717, Elev. 1,350 ft.",2022-01-06,69,53,40,85,29
"McMicken Dam, # 50717, Elev. 1,350 ft.",2022-01-05,67,52,39,81,29
"McMicken Dam, # 50717, Elev. 1,350 ft.",2022-01-04,68,51,38,80,23
"McMicken Dam, # 50717, Elev. 1,350 ft.",2022-01-03,66,49,35,78,17
"McMicken Dam, # 50717, Elev. 1,350 ft.",2022-01-02,62,47,34,70,12
"McMicken Dam, # 50717, Elev. 1,350 ft.",2022-01-01,58,52,42,75,17
"Mobile, # 50847, Elev. 1,340 ft.",2022-01-31,73,57,43,40,12
"Mobile, # 50847, Elev. 1,340 ft.",2022-01-30,73,62,53,37,15
"Mobile, # 50847, Elev. 1,340 ft.",2022-01-29,74,64,53,38,15
"Mobile, # 50847, Elev. 1,340 ft.",2022-01-28,72,63,54,29,13
"Mobile, # 50847, Elev. 1,340 ft.",2022-01-27,69,53,37,60,14
"Mobile, # 50847, Elev. 1,340 ft.",2022-01-26,70,54,39,58,20
"Mobile, # 50847, Elev. 1,340 ft.",2022-01-25,71,55,40,64,17
"Mobile, # 50847, Elev. 1,340 ft.",2022-01-24,71,56,42,73,21
"Mobile, # 50847, Elev. 1,340 ft.",2022-01-23,71,59,47,83,29
"Mobile, # 50847, Elev. 1,340 ft.",2022-01-22,70,56,44,65,25
"Mobile, # 50847, Elev. 1,340 ft.",2022-01-21,71,55,43,62,25
"Mobile, # 50847, Elev. 1,340 ft.",2022-01-20,72,57,43,78,22
"Mobile, # 50847, Elev. 1,340 ft.",2022-01-19,71,58,47,73,35
"Mobile, # 50847, Elev. 1,340 ft.",2022-01-18,70,59,49,60,26
"Mobile, # 50847, Elev. 1,340 ft.",2022-01-17,74,58,47,57,18
"Mobile, # 50847, Elev. 1,340 ft.",2022-01-16,72,60,48,52,16
"Mobile, # 50847, Elev. 1,340 ft.",2022-01-15,73,63,48,58,15
"Mobile, # 50847, Elev. 1,340 ft.",2022-01-14,71,58,50,65,27
"Mobile, # 50847, Elev. 1,340 ft.",2022-01-13,72,56,41,66,19
"Mobile, # 50847, Elev. 1,340 ft.",2022-01-12,72,57,46,67,16
"Mobile, # 50847, Elev. 1,340 ft.",2022-01-11,70,61,48,69,26
"Mobile, # 50847, Elev. 1,340 ft.",2022-01-10,75,66,58,38,20
"Mobile, # 50847, Elev. 1,340 ft.",2022-01-09,74,58,46,85,22
"Mobile, # 50847, Elev. 1,340 ft.",2022-01-08,70,57,45,82,31
"Mobile, # 50847, Elev. 1,340 ft.",2022-01-07,71,55,42,86,32
"Mobile, # 50847, Elev. 1,340 ft.",2022-01-06,67,53,41,82,32
"Mobile, # 50847, Elev. 1,340 ft.",2022-01-05,68,52,38,89,25
"Mobile, # 50847, Elev. 1,340 ft.",2022-01-04,67,51,37,85,29
"Mobile, # 50847, Elev. 1,340 ft.",2022-01-03,64,51,40,79,21
"Mobile, # 50847, Elev. 1,340 ft.",2022-01-02,60,47,35,81,20
"Mobile, # 50847, Elev. 1,340 ft.",2022-01-01,60,53,39,83,28
"Mt. Union, # 50010, Elev. 7,495 ft.",2022-01-31,45,38,35,45,14
"Mt. Union, # 50010, Elev. 7,495 ft.",2022-01-30,40,36,31,55,13
"Mt. Union, # 50010, Elev. 7,495 ft.",2022-01-29,39,34,28,42,17
"Mt. Union, # 50010, Elev. 7,495 ft.",2022-01-28,36,28,19,48,18
"Mt. Union, # 50010, Elev. 7,495 ft.",2022-01-27,41,32,24,38,21
"Mt. Union, # 50010, Elev. 7,495 ft.",2022-01-26,39,29,24,73,26
"Mt. Union, # 50010, Elev. 7,495 ft.",2022-01-25,37,35,25,68,29
"Mt. Union, # 50010, Elev. 7,495 ft.",2022-01-24,47,41,33,48,20
"Mt. Union, # 50010, Elev. 7,495 ft.",2022-01-23,35,30,25,100,26
"Mt. Union, # 50010, Elev. 7,495 ft.",2022-01-22,29,26,24,100,66
"Mt. Union, # 50010, Elev. 7,495 ft.",2022-01-21,39,33,27,79,18
"Mt. Union, # 50010, Elev. 7,495 ft.",2022-01-20,39,33,29,70,10
"Mt. Union, # 50010, Elev. 7,495 ft.",2022-01-19,38,32,29,100,41
"Mt. Union, # 50010, Elev. 7,495 ft.",2022-01-18,34,32,29,100,49
"Mt. Union, # 50010, Elev. 7,495 ft.",2022-01-17,43,38,34,80,20
"Mt. Union, # 50010, Elev. 7,495 ft.",2022-01-16,50,44,40,24,5
"Mt. Union, # 50010, Elev. 7,495 ft.",2022-01-15,45,37,31,40,5
"Mt. Union, # 50010, Elev. 7,495 ft.",2022-01-14,45,41,32,43,6
"Mt. Union, # 50010, Elev. 7,495 ft.",2022-01-13,53,51,45,25,5
"Mt. Union, # 50010, Elev. 7,495 ft.",2022-01-12,,,,,
"Mt. Union, # 50010, Elev. 7,495 ft.",2022-01-11,,,,,
"Mt. Union, # 50010, Elev. 7,495 ft.",2022-01-10,,,,,
"Mt. Union, # 50010, Elev. 7,495 ft.",2022-01-09,,,,,
"Mt. Union, # 50010, Elev. 7,495 ft.",2022-01-08,,,,,
"Mt. Union, # 50010, Elev. 7,495 ft.",2022-01-07,,,,,
"Mt. Union, # 50010, Elev. 7,495 ft.",2022-01-06,,,,,
"Mt. Union, # 50010, Elev. 7,495 ft.",2022-01-05,,,,,
"Mt. Union, # 50010, Elev. 7,495 ft.",2022-01-04,,,,,
"Mt. Union, # 50010, Elev. 7,495 ft.",2022-01-03,,,,,
"Mt. Union, # 50010, Elev. 7,495 ft.",2022-01-02,,,,,
"Mt. Union, # 50010, Elev. 7,495 ft.",2022-01-01,,,,,
"Osborn Rd. @ 64th St., # 50560, Elev. 1,255 ft.",2022-01-31,70,57,44,65,15
"Osborn Rd. @ 64th St., # 50560, Elev. 1,255 ft.",2022-01-30,73,63,52,44,17
"Osborn Rd. @ 64th St., # 50560, Elev. 1,255 ft.",2022-01-29,73,63,54,35,13
"Osborn Rd. @ 64th St., # 50560, Elev. 1,255 ft.",2022-01-28,71,60,51,30,12
"Osborn Rd. @ 64th St., # 50560, Elev. 1,255 ft.",2022-01-27,69,54,39,70,14
"Osborn Rd. @ 64th St., # 50560, Elev. 1,255 ft.",2022-01-26,69,55,42,70,12
"Osborn Rd. @ 64th St., # 50560, Elev. 1,255 ft.",2022-01-25,69,54,42,81,20
"Osborn Rd. @ 64th St., # 50560, Elev. 1,255 ft.",2022-01-24,69,55,43,85,28
"Osborn Rd. @ 64th St., # 50560, Elev. 1,255 ft.",2022-01-23,71,59,48,89,26
"Osborn Rd. @ 64th St., # 50560, Elev. 1,255 ft.",2022-01-22,70,58,47,86,23
"Osborn Rd. @ 64th St., # 50560, Elev. 1,255 ft.",2022-01-21,71,57,44,66,19
"Osborn Rd. @ 64th St., # 50560, Elev. 1,255 ft.",2022-01-20,73,57,45,89,20
"Osborn Rd. @ 64th St., # 50560, Elev. 1,255 ft.",2022-01-19,70,58,50,76,34
"Osborn Rd. @ 64th St., # 50560, Elev. 1,255 ft.",2022-01-18,71,59,50,76,25
"Osborn Rd. @ 64th St., # 50560, Elev. 1,255 ft.",2022-01-17,72,57,47,63,16
"Osborn Rd. @ 64th St., # 50560, Elev. 1,255 ft.",2022-01-16,74,61,49,58,14
"Osborn Rd. @ 64th St., # 50560, Elev. 1,255 ft.",2022-01-15,70,62,47,68,16
"Osborn Rd. @ 64th St., # 50560, Elev. 1,255 ft.",2022-01-14,72,58,50,66,20
"Osborn Rd. @ 64th St., # 50560, Elev. 1,255 ft.",2022-01-13,73,56,42,68,19
"Osborn Rd. @ 64th St., # 50560, Elev. 1,255 ft.",2022-01-12,72,58,47,66,16
"Osborn Rd. @ 64th St., # 50560, Elev. 1,255 ft.",2022-01-11,72,60,49,65,19
"Osborn Rd. @ 64th St., # 50560, Elev. 1,255 ft.",2022-01-10,73,64,51,44,19
"Osborn Rd. @ 64th St., # 50560, Elev. 1,255 ft.",2022-01-09,74,58,42,92,18
"Osborn Rd. @ 64th St., # 50560, Elev. 1,255 ft.",2022-01-08,69,55,46,83,33
"Osborn Rd. @ 64th St., # 50560, Elev. 1,255 ft.",2022-01-07,71,55,42,92,29
"Osborn Rd. @ 64th St., # 50560, Elev. 1,255 ft.",2022-01-06,69,52,41,90,33
"Osborn Rd. @ 64th St., # 50560, Elev. 1,255 ft.",2022-01-05,67,51,38,89,25
"Osborn Rd. @ 64th St., # 50560, Elev. 1,255 ft.",2022-01-04,66,51,37,82,23
"Osborn Rd. @ 64th St., # 50560, Elev. 1,255 ft.",2022-01-03,67,51,37,75,18
"Osborn Rd. @ 64th St., # 50560, Elev. 1,255 ft.",2022-01-02,60,46,35,78,16
"Osborn Rd. @ 64th St., # 50560, Elev. 1,255 ft.",2022-01-01,57,51,41,88,17
"Phoenix Dam 2B, # 50099, Elev. 1,380 ft.",2022-01-31,70,58,44,60,19
"Phoenix Dam 2B, # 50099, Elev. 1,380 ft.",2022-01-30,74,65,51,44,21
"Phoenix Dam 2B, # 50099, Elev. 1,380 ft.",2022-01-29,73,62,52,32,16
"Phoenix Dam 2B, # 50099, Elev. 1,380 ft.",2022-01-28,71,61,50,29,13
"Phoenix Dam 2B, # 50099, Elev. 1,380 ft.",2022-01-27,71,55,39,67,12
"Phoenix Dam 2B, # 50099, Elev. 1,380 ft.",2022-01-26,71,56,43,66,15
"Phoenix Dam 2B, # 50099, Elev. 1,380 ft.",2022-01-25,69,57,43,85,24
"Phoenix Dam 2B, # 50099, Elev. 1,380 ft.",2022-01-24,71,56,43,85,31
"Phoenix Dam 2B, # 50099, Elev. 1,380 ft.",2022-01-23,73,61,46,89,28
"Phoenix Dam 2B, # 50099, Elev. 1,380 ft.",2022-01-22,70,60,51,85,25
"Phoenix Dam 2B, # 50099, Elev. 1,380 ft.",2022-01-21,72,57,41,69,23
"Phoenix Dam 2B, # 50099, Elev. 1,380 ft.",2022-01-20,74,59,46,86,20
"Phoenix Dam 2B, # 50099, Elev. 1,380 ft.",2022-01-19,71,60,50,84,36
"Phoenix Dam 2B, # 50099, Elev. 1,380 ft.",2022-01-18,71,59,51,73,29
"Phoenix Dam 2B, # 50099, Elev. 1,380 ft.",2022-01-17,73,58,45,66,18
"Phoenix Dam 2B, # 50099, Elev. 1,380 ft.",2022-01-16,75,59,45,54,16
"Phoenix Dam 2B, # 50099, Elev. 1,380 ft.",2022-01-15,71,62,50,48,17
"Phoenix Dam 2B, # 50099, Elev. 1,380 ft.",2022-01-14,73,60,52,58,24
"Phoenix Dam 2B, # 50099, Elev. 1,380 ft.",2022-01-13,73,57,43,67,21
"Phoenix Dam 2B, # 50099, Elev. 1,380 ft.",2022-01-12,73,56,42,64,16
"Phoenix Dam 2B, # 50099, Elev. 1,380 ft.",2022-01-11,75,60,48,54,20
"Phoenix Dam 2B, # 50099, Elev. 1,380 ft.",2022-01-10,75,65,52,45,20
"Phoenix Dam 2B, # 50099, Elev. 1,380 ft.",2022-01-09,75,59,45,87,20
"Phoenix Dam 2B, # 50099, Elev. 1,380 ft.",2022-01-08,69,57,49,77,37
"Phoenix Dam 2B, # 50099, Elev. 1,380 ft.",2022-01-07,74,57,43,92,29
"Phoenix Dam 2B, # 50099, Elev. 1,380 ft.",2022-01-06,70,54,41,88,33
"Phoenix Dam 2B, # 50099, Elev. 1,380 ft.",2022-01-05,68,52,39,88,28
"Phoenix Dam 2B, # 50099, Elev. 1,380 ft.",2022-01-04,68,52,38,81,26
"Phoenix Dam 2B, # 50099, Elev. 1,380 ft.",2022-01-03,69,50,37,76,21
"Phoenix Dam 2B, # 50099, Elev. 1,380 ft.",2022-01-02,62,47,32,80,19
"Phoenix Dam 2B, # 50099, Elev. 1,380 ft.",2022-01-01,57,52,43,94,19
"Rackensack Canyon, # 50765, Elev. 4,520 ft.",2022-01-31,60,55,51,32,23
"Rackensack Canyon, # 50765, Elev. 4,520 ft.",2022-01-30,62,56,51,42,25
"Rackensack Canyon, # 50765, Elev. 4,520 ft.",2022-01-29,60,53,48,27,18
"Rackensack Canyon, # 50765, Elev. 4,520 ft.",2022-01-28,60,49,40,28,13
"Rackensack Canyon, # 50765, Elev. 4,520 ft.",2022-01-27,59,52,44,31,15
"Rackensack Canyon, # 50765, Elev. 4,520 ft.",2022-01-26,56,49,42,51,15
"Rackensack Canyon, # 50765, Elev. 4,520 ft.",2022-01-25,56,51,46,58,31
"Rackensack Canyon, # 50765, Elev. 4,520 ft.",2022-01-24,58,53,50,50,35
"Rackensack Canyon, # 50765, Elev. 4,520 ft.",2022-01-23,60,51,44,85,30
"Rackensack Canyon, # 50765, Elev. 4,520 ft.",2022-01-22,56,49,44,90,36
"Rackensack Canyon, # 50765, Elev. 4,520 ft.",2022-01-21,58,53,48,38,19
"Rackensack Canyon, # 50765, Elev. 4,520 ft.",2022-01-20,59,53,46,66,20
"Rackensack Canyon, # 50765, Elev. 4,520 ft.",2022-01-19,57,52,49,71,52
"Rackensack Canyon, # 50765, Elev. 4,520 ft.",2022-01-18,57,53,50,70,19
"Rackensack Canyon, # 50765, Elev. 4,520 ft.",2022-01-17,62,57,54,27,17
"Rackensack Canyon, # 50765, Elev. 4,520 ft.",2022-01-16,64,58,53,22,13
"Rackensack Canyon, # 50765, Elev. 4,520 ft.",2022-01-15,58,53,48,33,20
"Rackensack Canyon, # 50765, Elev. 4,520 ft.",2022-01-14,65,58,52,34,16
"Rackensack Canyon, # 50765, Elev. 4,520 ft.",2022-01-13,68,61,57,26,14
"Rackensack Canyon, # 50765, Elev. 4,520 ft.",2022-01-12,66,59,51,23,10
"Rackensack Canyon, # 50765, Elev. 4,520 ft.",2022-01-11,64,55,48,37,15
"Rackensack Canyon, # 50765, Elev. 4,520 ft.",2022-01-10,60,54,48,35,24
"Rackensack Canyon, # 50765, Elev. 4,520 ft.",2022-01-09,61,53,48,56,24
"Rackensack Canyon, # 50765, Elev. 4,520 ft.",2022-01-08,57,53,49,61,35
"Rackensack Canyon, # 50765, Elev. 4,520 ft.",2022-01-07,62,58,54,45,31
"Rackensack Canyon, # 50765, Elev. 4,520 ft.",2022-01-06,63,57,53,45,34
"Rackensack Canyon, # 50765, Elev. 4,520 ft.",2022-01-05,60,55,50,38,20
"Rackensack Canyon, # 50765, Elev. 4,520 ft.",2022-01-04,58,52,46,40,25
"Rackensack Canyon, # 50765, Elev. 4,520 ft.",2022-01-03,60,52,47,31,15
"Rackensack Canyon, # 50765, Elev. 4,520 ft.",2022-01-02,52,42,32,38,18
"Rackensack Canyon, # 50765, Elev. 4,520 ft.",2022-01-01,46,39,34,95,35
"Saguaro Lake, # 50635, Elev. 1,550 ft.",2022-01-31,74,59,45,80,18
"Saguaro Lake, # 50635, Elev. 1,550 ft.",2022-01-30,78,66,52,58,19
"Saguaro Lake, # 50635, Elev. 1,550 ft.",2022-01-29,75,67,60,47,16
"Saguaro Lake, # 50635, Elev. 1,550 ft.",2022-01-28,72,62,46,42,15
"Saguaro Lake, # 50635, Elev. 1,550 ft.",2022-01-27,74,57,42,78,15
"Saguaro Lake, # 50635, Elev. 1,550 ft.",2022-01-26,75,57,44,77,13
"Saguaro Lake, # 50635, Elev. 1,550 ft.",2022-01-25,74,57,44,92,21
"Saguaro Lake, # 50635, Elev. 1,550 ft.",2022-01-24,73,58,46,91,29
"Saguaro Lake, # 50635, Elev. 1,550 ft.",2022-01-23,75,63,52,82,27
"Saguaro Lake, # 50635, Elev. 1,550 ft.",2022-01-22,70,64,56,74,31
"Saguaro Lake, # 50635, Elev. 1,550 ft.",2022-01-21,77,61,48,66,22
"Saguaro Lake, # 50635, Elev. 1,550 ft.",2022-01-20,77,59,49,92,22
"Saguaro Lake, # 50635, Elev. 1,550 ft.",2022-01-19,74,60,52,87,35
"Saguaro Lake, # 50635, Elev. 1,550 ft.",2022-01-18,74,61,52,82,29
"Saguaro Lake, # 50635, Elev. 1,550 ft.",2022-01-17,77,60,51,68,19
"Saguaro Lake, # 50635, Elev. 1,550 ft.",2022-01-16,79,64,56,56,16
"Saguaro Lake, # 50635, Elev. 1,550 ft.",2022-01-15,72,65,51,75,19
"Saguaro Lake, # 50635, Elev. 1,550 ft.",2022-01-14,76,61,52,74,21
"Saguaro Lake, # 50635, Elev. 1,550 ft.",2022-01-13,80,62,50,70,16
"Saguaro Lake, # 50635, Elev. 1,550 ft.",2022-01-12,75,62,52,69,17
"Saguaro Lake, # 50635, Elev. 1,550 ft.",2022-01-11,75,64,52,70,24
"Saguaro Lake, # 50635, Elev. 1,550 ft.",2022-01-10,74,66,52,72,22
"Saguaro Lake, # 50635, Elev. 1,550 ft.",2022-01-09,76,60,47,92,24
"Saguaro Lake, # 50635, Elev. 1,550 ft.",2022-01-08,74,58,49,90,32
"Saguaro Lake, # 50635, Elev. 1,550 ft.",2022-01-07,79,59,47,96,25
"Saguaro Lake, # 50635, Elev. 1,550 ft.",2022-01-06,74,57,45,93,31
"Saguaro Lake, # 50635, Elev. 1,550 ft.",2022-01-05,72,56,44,89,23
"Saguaro Lake, # 50635, Elev. 1,550 ft.",2022-01-04,72,56,45,84,26
"Saguaro Lake, # 50635, Elev. 1,550 ft.",2022-01-03,68,57,46,64,26
"Saguaro Lake, # 50635, Elev. 1,550 ft.",2022-01-02,63,50,37,89,20
"Saguaro Lake, # 50635, Elev. 1,550 ft.",2022-01-01,61,54,42,90,22
"South Mountain Fan, # 50705, Elev. 1,270 ft.",2022-01-31,72,61,47,37,16
"South Mountain Fan, # 50705, Elev. 1,270 ft.",2022-01-30,75,66,58,31,15
"South Mountain Fan, # 50705, Elev. 1,270 ft.",2022-01-29,76,64,48,31,12
"South Mountain Fan, # 50705, Elev. 1,270 ft.",2022-01-28,74,62,51,20,11
"South Mountain Fan, # 50705, Elev. 1,270 ft.",2022-01-27,68,57,44,46,16
"South Mountain Fan, # 50705, Elev. 1,270 ft.",2022-01-26,69,58,47,52,16
"South Mountain Fan, # 50705, Elev. 1,270 ft.",2022-01-25,71,58,44,66,17
"South Mountain Fan, # 50705, Elev. 1,270 ft.",2022-01-24,70,58,46,66,26
"South Mountain Fan, # 50705, Elev. 1,270 ft.",2022-01-23,71,60,49,91,27
"South Mountain Fan, # 50705, Elev. 1,270 ft.",2022-01-22,70,60,51,67,24
"South Mountain Fan, # 50705, Elev. 1,270 ft.",2022-01-21,73,59,45,57,21
"South Mountain Fan, # 50705, Elev. 1,270 ft.",2022-01-20,72,61,47,83,22
"South Mountain Fan, # 50705, Elev. 1,270 ft.",2022-01-19,70,60,50,74,34
"South Mountain Fan, # 50705, Elev. 1,270 ft.",2022-01-18,72,61,53,59,23
"South Mountain Fan, # 50705, Elev. 1,270 ft.",2022-01-17,74,60,48,53,17
"South Mountain Fan, # 50705, Elev. 1,270 ft.",2022-01-16,73,62,52,37,15
"South Mountain Fan, # 50705, Elev. 1,270 ft.",2022-01-15,71,63,52,50,14
"South Mountain Fan, # 50705, Elev. 1,270 ft.",2022-01-14,74,60,53,53,20
"South Mountain Fan, # 50705, Elev. 1,270 ft.",2022-01-13,73,60,46,56,19
"South Mountain Fan, # 50705, Elev. 1,270 ft.",2022-01-12,72,60,49,48,16
"South Mountain Fan, # 50705, Elev. 1,270 ft.",2022-01-11,73,63,52,51,21
"South Mountain Fan, # 50705, Elev. 1,270 ft.",2022-01-10,74,66,59,36,20
"South Mountain Fan, # 50705, Elev. 1,270 ft.",2022-01-09,75,60,46,83,19
"South Mountain Fan, # 50705, Elev. 1,270 ft.",2022-01-08,69,59,48,82,34
"South Mountain Fan, # 50705, Elev. 1,270 ft.",2022-01-07,73,58,45,85,32
"South Mountain Fan, # 50705, Elev. 1,270 ft.",2022-01-06,69,55,44,78,33
"South Mountain Fan, # 50705, Elev. 1,270 ft.",2022-01-05,70,55,42,79,24
"South Mountain Fan, # 50705, Elev. 1,270 ft.",2022-01-04,68,53,41,69,25
"South Mountain Fan, # 50705, Elev. 1,270 ft.",2022-01-03,67,54,43,48,17
"South Mountain Fan, # 50705, Elev. 1,270 ft.",2022-01-02,61,49,36,66,15
"South Mountain Fan, # 50705, Elev. 1,270 ft.",2022-01-01,59,53,42,99,19
"South Mountain Park, # 50685, Elev. 2,255 ft.",2022-01-31,66,61,54,37,21
"South Mountain Park, # 50685, Elev. 2,255 ft.",2022-01-30,68,63,56,40,24
"South Mountain Park, # 50685, Elev. 2,255 ft.",2022-01-29,69,61,55,31,22
"South Mountain Park, # 50685, Elev. 2,255 ft.",2022-01-28,66,58,49,29,19
"South Mountain Park, # 50685, Elev. 2,255 ft.",2022-01-27,63,56,48,42,20
"South Mountain Park, # 50685, Elev. 2,255 ft.",2022-01-26,62,56,51,48,26
"South Mountain Park, # 50685, Elev. 2,255 ft.",2022-01-25,65,58,51,53,28
"South Mountain Park, # 50685, Elev. 2,255 ft.",2022-01-24,64,58,51,57,32
"South Mountain Park, # 50685, Elev. 2,255 ft.",2022-01-23,65,58,52,75,42
"South Mountain Park, # 50685, Elev. 2,255 ft.",2022-01-22,64,58,51,81,34
"South Mountain Park, # 50685, Elev. 2,255 ft.",2022-01-21,65,59,52,52,31
"South Mountain Park, # 50685, Elev. 2,255 ft.",2022-01-20,67,60,53,68,32
"South Mountain Park, # 50685, Elev. 2,255 ft.",2022-01-19,65,60,54,68,47
"South Mountain Park, # 50685, Elev. 2,255 ft.",2022-01-18,65,61,57,56,30
"South Mountain Park, # 50685, Elev. 2,255 ft.",2022-01-17,67,62,55,40,26
"South Mountain Park, # 50685, Elev. 2,255 ft.",2022-01-16,68,61,55,33,23
"South Mountain Park, # 50685, Elev. 2,255 ft.",2022-01-15,66,61,57,36,24
"South Mountain Park, # 50685, Elev. 2,255 ft.",2022-01-14,68,62,58,46,29
"South Mountain Park, # 50685, Elev. 2,255 ft.",2022-01-13,68,63,56,35,21
"South Mountain Park, # 50685, Elev. 2,255 ft.",2022-01-12,66,60,54,41,20
"South Mountain Park, # 50685, Elev. 2,255 ft.",2022-01-11,66,60,54,52,31
"South Mountain Park, # 50685, Elev. 2,255 ft.",2022-01-10,68,62,57,49,29
"South Mountain Park, # 50685, Elev. 2,255 ft.",2022-01-09,68,61,51,66,28
"South Mountain Park, # 50685, Elev. 2,255 ft.",2022-01-08,64,60,55,59,44
"South Mountain Park, # 50685, Elev. 2,255 ft.",2022-01-07,67,60,53,64,38
"South Mountain Park, # 50685, Elev. 2,255 ft.",2022-01-06,62,58,53,53,41
"South Mountain Park, # 50685, Elev. 2,255 ft.",2022-01-05,64,56,48,59,36
"South Mountain Park, # 50685, Elev. 2,255 ft.",2022-01-04,61,55,48,54,29
"South Mountain Park, # 50685, Elev. 2,255 ft.",2022-01-03,62,54,48,40,27
"South Mountain Park, # 50685, Elev. 2,255 ft.",2022-01-02,54,47,40,52,26
"South Mountain Park, # 50685, Elev. 2,255 ft.",2022-01-01,54,49,43,100,28
"Sycamore Creek - Upper, # 50822, Elev. 5,825 ft.",2022-01-31,56,49,45,43,25
"Sycamore Creek - Upper, # 50822, Elev. 5,825 ft.",2022-01-30,56,48,43,54,32
"Sycamore Creek - Upper, # 50822, Elev. 5,825 ft.",2022-01-29,50,45,38,31,24
"Sycamore Creek - Upper, # 50822, Elev. 5,825 ft.",2022-01-28,51,42,33,36,17
"Sycamore Creek - Upper, # 50822, Elev. 5,825 ft.",2022-01-27,54,44,36,39,17
"Sycamore Creek - Upper, # 50822, Elev. 5,825 ft.",2022-01-26,50,42,34,59,17
"Sycamore Creek - Upper, # 50822, Elev. 5,825 ft.",2022-01-25,52,43,38,64,34
"Sycamore Creek - Upper, # 50822, Elev. 5,825 ft.",2022-01-24,56,48,42,57,20
"Sycamore Creek - Upper, # 50822, Elev. 5,825 ft.",2022-01-23,52,44,37,93,40
"Sycamore Creek - Upper, # 50822, Elev. 5,825 ft.",2022-01-22,45,41,37,92,47
"Sycamore Creek - Upper, # 50822, Elev. 5,825 ft.",2022-01-21,51,44,38,54,21
"Sycamore Creek - Upper, # 50822, Elev. 5,825 ft.",2022-01-20,52,45,40,80,23
"Sycamore Creek - Upper, # 50822, Elev. 5,825 ft.",2022-01-19,51,45,41,84,56
"Sycamore Creek - Upper, # 50822, Elev. 5,825 ft.",2022-01-18,50,45,42,86,32
"Sycamore Creek - Upper, # 50822, Elev. 5,825 ft.",2022-01-17,56,50,47,32,14
"Sycamore Creek - Upper, # 50822, Elev. 5,825 ft.",2022-01-16,58,51,44,33,10
"Sycamore Creek - Upper, # 50822, Elev. 5,825 ft.",2022-01-15,50,45,40,40,26
"Sycamore Creek - Upper, # 50822, Elev. 5,825 ft.",2022-01-14,60,53,45,32,15
"Sycamore Creek - Upper, # 50822, Elev. 5,825 ft.",2022-01-13,61,55,50,34,14
"Sycamore Creek - Upper, # 50822, Elev. 5,825 ft.",2022-01-12,63,54,47,21,7
"Sycamore Creek - Upper, # 50822, Elev. 5,825 ft.",2022-01-11,58,48,41,47,12
"Sycamore Creek - Upper, # 50822, Elev. 5,825 ft.",2022-01-10,52,47,42,41,27
"Sycamore Creek - Upper, # 50822, Elev. 5,825 ft.",2022-01-09,54,46,41,58,26
"Sycamore Creek - Upper, # 50822, Elev. 5,825 ft.",2022-01-08,53,47,44,63,44
"Sycamore Creek - Upper, # 50822, Elev. 5,825 ft.",2022-01-07,58,53,47,51,33
"Sycamore Creek - Upper, # 50822, Elev. 5,825 ft.",2022-01-06,59,55,49,45,30
"Sycamore Creek - Upper, # 50822, Elev. 5,825 ft.",2022-01-05,58,52,45,42,22
"Sycamore Creek - Upper, # 50822, Elev. 5,825 ft.",2022-01-04,55,47,38,40,20
"Sycamore Creek - Upper, # 50822, Elev. 5,825 ft.",2022-01-03,53,45,38,33,15
"Sycamore Creek - Upper, # 50822, Elev. 5,825 ft.",2022-01-02,45,36,26,45,18
"Sycamore Creek - Upper, # 50822, Elev. 5,825 ft.",2022-01-01,39,32,28,95,38
"Thompson Peak, # 50019, Elev. 3,485 ft.",2022-01-31,61,55,48,40,15
"Thompson Peak, # 50019, Elev. 3,485 ft.",2022-01-30,65,58,53,35,18
"Thompson Peak, # 50019, Elev. 3,485 ft.",2022-01-29,65,55,45,26,15
"Thompson Peak, # 50019, Elev. 3,485 ft.",2022-01-28,63,51,42,22,11
"Thompson Peak, # 50019, Elev. 3,485 ft.",2022-01-27,61,52,44,31,11
"Thompson Peak, # 50019, Elev. 3,485 ft.",2022-01-26,62,51,44,43,12
"Thompson Peak, # 50019, Elev. 3,485 ft.",2022-01-25,59,53,48,54,25
"Thompson Peak, # 50019, Elev. 3,485 ft.",2022-01-24,60,53,45,60,32
"Thompson Peak, # 50019, Elev. 3,485 ft.",2022-01-23,66,54,46,82,30
"Thompson Peak, # 50019, Elev. 3,485 ft.",2022-01-22,60,51,43,96,30
"Thompson Peak, # 50019, Elev. 3,485 ft.",2022-01-21,63,53,46,31,20
"Thompson Peak, # 50019, Elev. 3,485 ft.",2022-01-20,67,56,47,63,18
"Thompson Peak, # 50019, Elev. 3,485 ft.",2022-01-19,61,54,47,73,46
"Thompson Peak, # 50019, Elev. 3,485 ft.",2022-01-18,63,56,51,61,20
"Thompson Peak, # 50019, Elev. 3,485 ft.",2022-01-17,64,57,51,27,16
"Thompson Peak, # 50019, Elev. 3,485 ft.",2022-01-16,70,57,49,25,12
"Thompson Peak, # 50019, Elev. 3,485 ft.",2022-01-15,62,54,48,31,19
"Thompson Peak, # 50019, Elev. 3,485 ft.",2022-01-14,63,58,54,39,15
"Thompson Peak, # 50019, Elev. 3,485 ft.",2022-01-13,68,59,51,27,10
"Thompson Peak, # 50019, Elev. 3,485 ft.",2022-01-12,65,56,47,33,7
"Thompson Peak, # 50019, Elev. 3,485 ft.",2022-01-11,67,56,46,36,21
"Thompson Peak, # 50019, Elev. 3,485 ft.",2022-01-10,65,56,51,39,21
"Thompson Peak, # 50019, Elev. 3,485 ft.",2022-01-09,67,56,45,63,21
"Thompson Peak, # 50019, Elev. 3,485 ft.",2022-01-08,60,55,52,52,27
"Thompson Peak, # 50019, Elev. 3,485 ft.",2022-01-07,67,58,51,52,28
"Thompson Peak, # 50019, Elev. 3,485 ft.",2022-01-06,64,55,47,53,32
"Thompson Peak, # 50019, Elev. 3,485 ft.",2022-01-05,60,53,47,42,22
"Thompson Peak, # 50019, Elev. 3,485 ft.",2022-01-04,60,51,43,41,13
"Thompson Peak, # 50019, Elev. 3,485 ft.",2022-01-03,63,50,43,32,19
"Thompson Peak, # 50019, Elev. 3,485 ft.",2022-01-02,54,42,31,43,21
"Thompson Peak, # 50019, Elev. 3,485 ft.",2022-01-01,47,41,33,96,24
"Tiger Wash Fan, # 50268, Elev. 1,605 ft.",2022-01-31,70,57,44,36,10
"Tiger Wash Fan, # 50268, Elev. 1,605 ft.",2022-01-30,73,59,44,37,12
"Tiger Wash Fan, # 50268, Elev. 1,605 ft.",2022-01-29,71,60,50,29,14
"Tiger Wash Fan, # 50268, Elev. 1,605 ft.",2022-01-28,71,59,49,20,9
"Tiger Wash Fan, # 50268, Elev. 1,605 ft.",2022-01-27,70,54,38,50,12
"Tiger Wash Fan, # 50268, Elev. 1,605 ft.",2022-01-26,68,54,40,54,17
"Tiger Wash Fan, # 50268, Elev. 1,605 ft.",2022-01-25,70,55,41,64,14
"Tiger Wash Fan, # 50268, Elev. 1,605 ft.",2022-01-24,69,54,42,70,19
"Tiger Wash Fan, # 50268, Elev. 1,605 ft.",2022-01-23,71,58,43,89,26
"Tiger Wash Fan, # 50268, Elev. 1,605 ft.",2022-01-22,65,54,45,93,30
"Tiger Wash Fan, # 50268, Elev. 1,605 ft.",2022-01-21,71,57,45,47,18
"Tiger Wash Fan, # 50268, Elev. 1,605 ft.",2022-01-20,73,59,48,56,18
"Tiger Wash Fan, # 50268, Elev. 1,605 ft.",2022-01-19,73,60,47,80,21
"Tiger Wash Fan, # 50268, Elev. 1,605 ft.",2022-01-18,71,60,51,57,26
"Tiger Wash Fan, # 50268, Elev. 1,605 ft.",2022-01-17,71,58,47,38,16
"Tiger Wash Fan, # 50268, Elev. 1,605 ft.",2022-01-16,72,58,44,43,14
"Tiger Wash Fan, # 50268, Elev. 1,605 ft.",2022-01-15,71,60,50,30,15
"Tiger Wash Fan, # 50268, Elev. 1,605 ft.",2022-01-14,78,63,54,39,12
"Tiger Wash Fan, # 50268, Elev. 1,605 ft.",2022-01-13,75,59,46,41,12
"Tiger Wash Fan, # 50268, Elev. 1,605 ft.",2022-01-12,71,54,42,48,15
"Tiger Wash Fan, # 50268, Elev. 1,605 ft.",2022-01-11,74,59,48,39,15
"Tiger Wash Fan, # 50268, Elev. 1,605 ft.",2022-01-10,74,62,48,41,17
"Tiger Wash Fan, # 50268, Elev. 1,605 ft.",2022-01-09,73,59,44,70,21
"Tiger Wash Fan, # 50268, Elev. 1,605 ft.",2022-01-08,69,56,48,72,27
"Tiger Wash Fan, # 50268, Elev. 1,605 ft.",2022-01-07,70,56,44,72,30
"Tiger Wash Fan, # 50268, Elev. 1,605 ft.",2022-01-06,69,54,43,64,24
"Tiger Wash Fan, # 50268, Elev. 1,605 ft.",2022-01-05,70,53,40,64,18
"Tiger Wash Fan, # 50268, Elev. 1,605 ft.",2022-01-04,65,50,38,66,23
"Tiger Wash Fan, # 50268, Elev. 1,605 ft.",2022-01-03,64,48,34,72,18
"Tiger Wash Fan, # 50268, Elev. 1,605 ft.",2022-01-02,60,45,32,65,10
"Tiger Wash Fan, # 50268, Elev. 1,605 ft.",2022-01-01,54,49,39,77,18
"Usery Park WS, # 50807, Elev. 2,115 ft.",2022-01-31,66,56,44,50,18
"Usery Park WS, # 50807, Elev. 2,115 ft.",2022-01-30,70,62,54,35,18
"Usery Park WS, # 50807, Elev. 2,115 ft.",2022-01-29,70,61,54,24,14
"Usery Park WS, # 50807, Elev. 2,115 ft.",2022-01-28,67,58,47,21,11
"Usery Park WS, # 50807, Elev. 2,115 ft.",2022-01-27,65,54,42,49,10
"Usery Park WS, # 50807, Elev. 2,115 ft.",2022-01-26,64,55,45,50,14
"Usery Park WS, # 50807, Elev. 2,115 ft.",2022-01-25,65,55,43,69,22
"Usery Park WS, # 50807, Elev. 2,115 ft.",2022-01-24,65,54,44,71,30
"Usery Park WS, # 50807, Elev. 2,115 ft.",2022-01-23,66,58,49,84,31
"Usery Park WS, # 50807, Elev. 2,115 ft.",2022-01-22,65,58,48,93,25
"Usery Park WS, # 50807, Elev. 2,115 ft.",2022-01-21,67,56,45,42,19
"Usery Park WS, # 50807, Elev. 2,115 ft.",2022-01-20,68,57,48,74,23
"Usery Park WS, # 50807, Elev. 2,115 ft.",2022-01-19,66,56,50,72,36
"Usery Park WS, # 50807, Elev. 2,115 ft.",2022-01-18,64,57,52,65,30
"Usery Park WS, # 50807, Elev. 2,115 ft.",2022-01-17,68,57,49,39,17
"Usery Park WS, # 50807, Elev. 2,115 ft.",2022-01-16,71,60,51,30,12
"Usery Park WS, # 50807, Elev. 2,115 ft.",2022-01-15,65,60,52,38,16
"Usery Park WS, # 50807, Elev. 2,115 ft.",2022-01-14,68,58,51,49,23
"Usery Park WS, # 50807, Elev. 2,115 ft.",2022-01-13,72,60,47,44,15
"Usery Park WS, # 50807, Elev. 2,115 ft.",2022-01-12,70,60,50,31,13
"Usery Park WS, # 50807, Elev. 2,115 ft.",2022-01-11,69,59,53,43,19
"Usery Park WS, # 50807, Elev. 2,115 ft.",2022-01-10,70,62,56,36,19
"Usery Park WS, # 50807, Elev. 2,115 ft.",2022-01-09,70,61,48,68,19
"Usery Park WS, # 50807, Elev. 2,115 ft.",2022-01-08,65,57,51,60,33
"Usery Park WS, # 50807, Elev. 2,115 ft.",2022-01-07,68,57,46,72,28
"Usery Park WS, # 50807, Elev. 2,115 ft.",2022-01-06,67,54,43,68,28
"Usery Park WS, # 50807, Elev. 2,115 ft.",2022-01-05,63,52,42,62,24
"Usery Park WS, # 50807, Elev. 2,115 ft.",2022-01-04,63,51,41,56,22
"Usery Park WS, # 50807, Elev. 2,115 ft.",2022-01-03,65,52,43,48,18
"Usery Park WS, # 50807, Elev. 2,115 ft.",2022-01-02,56,47,33,58,15
"Usery Park WS, # 50807, Elev. 2,115 ft.",2022-01-01,52,46,39,99,22
"Wickenburg Airport, # 50528, Elev. 2,385 ft.",2022-01-31,70,55,40,51,15
"Wickenburg Airport, # 50528, Elev. 2,385 ft.",2022-01-30,72,60,46,38,19
"Wickenburg Airport, # 50528, Elev. 2,385 ft.",2022-01-29,69,55,37,45,18
"Wickenburg Airport, # 50528, Elev. 2,385 ft.",2022-01-28,70,58,45,29,11
"Wickenburg Airport, # 50528, Elev. 2,385 ft.",2022-01-27,68,53,36,58,13
"Wickenburg Airport, # 50528, Elev. 2,385 ft.",2022-01-26,67,54,42,55,19
"Wickenburg Airport, # 50528, Elev. 2,385 ft.",2022-01-25,67,53,38,75,22
"Wickenburg Airport, # 50528, Elev. 2,385 ft.",2022-01-24,69,55,42,64,22
"Wickenburg Airport, # 50528, Elev. 2,385 ft.",2022-01-23,69,56,44,99,31
"Wickenburg Airport, # 50528, Elev. 2,385 ft.",2022-01-22,64,56,48,85,35
"Wickenburg Airport, # 50528, Elev. 2,385 ft.",2022-01-21,67,55,40,63,25
"Wickenburg Airport, # 50528, Elev. 2,385 ft.",2022-01-20,71,57,44,72,22
"Wickenburg Airport, # 50528, Elev. 2,385 ft.",2022-01-19,68,57,44,97,35
"Wickenburg Airport, # 50528, Elev. 2,385 ft.",2022-01-18,66,56,46,75,35
"Wickenburg Airport, # 50528, Elev. 2,385 ft.",2022-01-17,70,55,44,50,20
"Wickenburg Airport, # 50528, Elev. 2,385 ft.",2022-01-16,73,56,41,51,14
"Wickenburg Airport, # 50528, Elev. 2,385 ft.",2022-01-15,70,58,46,48,17
"Wickenburg Airport, # 50528, Elev. 2,385 ft.",2022-01-14,76,62,52,50,19
"Wickenburg Airport, # 50528, Elev. 2,385 ft.",2022-01-13,74,58,43,51,15
"Wickenburg Airport, # 50528, Elev. 2,385 ft.",2022-01-12,71,55,41,55,16
"Wickenburg Airport, # 50528, Elev. 2,385 ft.",2022-01-11,72,57,44,50,19
"Wickenburg Airport, # 50528, Elev. 2,385 ft.",2022-01-10,73,60,46,50,17
"Wickenburg Airport, # 50528, Elev. 2,385 ft.",2022-01-09,73,57,41,86,19
"Wickenburg Airport, # 50528, Elev. 2,385 ft.",2022-01-08,68,55,46,85,39
"Wickenburg Airport, # 50528, Elev. 2,385 ft.",2022-01-07,70,55,42,87,33
"Wickenburg Airport, # 50528, Elev. 2,385 ft.",2022-01-06,71,54,41,75,30
"Wickenburg Airport, # 50528, Elev. 2,385 ft.",2022-01-05,69,53,37,78,22
"Wickenburg Airport, # 50528, Elev. 2,385 ft.",2022-01-04,67,50,36,77,22
"Wickenburg Airport, # 50528, Elev. 2,385 ft.",2022-01-03,69,49,34,72,17
"Wickenburg Airport, # 50528, Elev. 2,385 ft.",2022-01-02,61,43,30,79,17
"Wickenburg Airport, # 50528, Elev. 2,385 ft.",2022-01-01,53,47,36,92,27
